0.0 , 126577691.0 , 717.0 , 1.0 , 126577690.0
0.01 , 126577688.849 , 718.4339999634469 , 1.718433999963447 , 126577689.281566
0.03 , 126577684.53839608 , 721.3077357432508 , 3.1610494714499486 , 126577687.83895053
0.06 , 126577678.04662679 , 725.6355814933727 , 5.337956215930067 , 126577685.66204378
0.1 , 126577669.3390007 , 731.4406646552001 , 8.263718874550868 , 126577682.73628113
0.15000000000000002 , 126577658.36739261 , 738.7550684731949 , 11.957494216916842 , 126577679.04250579
0.21000000000000002 , 126577645.06980482 , 747.6201244696867 , 16.443214963734963 , 126577674.55678503
0.28 , 126577629.3697879 , 758.0867985679791 , 21.749822553710818 , 126577669.25017744
0.36000000000000004 , 126577611.1757136 , 770.2161758712463 , 27.91155196068079 , 126577663.08844803
0.45000000000000007 , 126577590.37988997 , 784.0800505057425 , 34.96827241523247 , 126577656.03172758
0.55 , 126577566.85750715 , 799.7616284459978 , 42.96588869969245 , 126577648.0341113
0.66 , 126577540.4653993 , 817.3563528845306 , 51.95680858142229 , 126577639.04319142
0.78 , 126577511.04060559 , 836.9728635195758 , 62.0004829436572 , 126577628.99951705
0.91 , 126577478.39871033 , 858.7341031453185 , 73.16402628454634 , 126577617.83597371
1.05 , 126577442.33193856 , 882.7785871783323 , 85.52292650504299 , 126577605.47707349
1.2 , 126577402.60698019 , 909.2618542846586 , 99.16185431931287 , 126577591.83814567
1.3599999999999999 , 126577358.96251063 , 938.3581191337169 , 114.17558422545234 , 126577576.82441577
1.5299999999999998 , 126577311.10637209 , 970.2621515547687 , 130.6700408018834 , 126577560.3299592
1.7099999999999997 , 126577258.71237315 , 1005.1914100744266 , 148.76348618322308 , 126577542.23651382
1.8999999999999997 , 126577201.41665846 , 1043.3884620453496 , 168.58786696208472 , 126577522.41213304
2.0999999999999996 , 126577138.81359288 , 1085.1237274245711 , 190.29034151057613 , 126577500.70965849
2.3099999999999996 , 126577070.45109628 , 1130.6985888268437 , 214.03501187593986 , 126577476.96498813
2.53 , 126576995.82535528 , 1180.4489168827704 , 240.0048880473608 , 126577450.99511196
2.76 , 126576914.37482734 , 1234.7490673119323 , 268.40411659553524 , 126577422.5958834
3.0 , 126576825.47343996 , 1294.0164146396994 , 299.46051054688803 , 126577391.53948945
3.25 , 126576728.42287248 , 1358.7164973325046 , 333.42842298020065 , 126577357.57157701
3.51 , 126576622.44379163 , 1429.3688605221896 , 370.5920133537776 , 126577320.40798664
3.78 , 126576506.66589132 , 1506.553695696224 , 411.2689631375756 , 126577279.73103686
4.06 , 126576380.11656496 , 1590.919392053269 , 455.81470611506717 , 126577235.18529388
4.35 , 126576241.70801127 , 1683.1911320226893 , 504.62724894372514 , 126577186.37275106
4.6499999999999995 , 126576090.2225439 , 1784.1806841459686 , 558.1526694681042 , 126577132.84733053
4.959999999999999 , 126575924.2958387 , 1894.7975706169343 , 616.8913941572292 , 126577074.10860585
5.279999999999999 , 126575742.39781079 , 2016.0618148653764 , 681.4053722329213 , 126577009.59462777
5.609999999999999 , 126575542.8107637 , 2149.1185073406923 , 752.3262829751642 , 126576938.67371702
5.949999999999999 , 126575323.60439624 , 2295.2544659309897 , 830.3649348168178 , 126576860.63506518
6.299999999999999 , 126575082.6071848 , 2455.917312211672 , 916.3220407442263 , 126576774.67795925
6.659999999999999 , 126574817.37358087 , 2632.7373371084987 , 1011.1005848801323 , 126576679.89941512
7.029999999999999 , 126574525.14637089 , 2827.55259094998 , 1115.7200307452815 , 126576575.27996926
7.409999999999999 , 126574202.81343764 , 3042.4377048945744 , 1231.3326635312753 , 126576459.66733646
7.799999999999999 , 126573846.85803574 , 3279.737035276186 , 1359.2424079070465 , 126576331.7575921
8.2 , 126573453.30154411 , 3542.102821808089 , 1500.92652077937 , 126576190.07347922
8.61 , 126573017.63748313 , 3832.5391675477476 , 1658.0606266488278 , 126576032.93937334
9.03 , 126572534.75537713 , 4154.452786302317 , 1832.547643673525 , 126575858.45235632
9.459999999999999 , 126571998.85279901 , 4511.711625621941 , 2026.5512435752685 , 126575664.44875643
9.899999999999999 , 126571403.3336459 , 4908.71266531087 , 2242.534600848947 , 126575448.46539915
10.349999999999998 , 126570740.6903541 , 5350.460418011797 , 2483.305319659478 , 126575207.69468033
10.809999999999999 , 126570002.36735953 , 5842.657926496098 , 2752.0675842782985 , 126574938.93241572
11.28 , 126569178.60263239 , 6391.812369733498 , 3052.4827656557727 , 126574638.51723434
11.76 , 126568258.24354981 , 7005.357766097209 , 3388.7399384284386 , 126574302.26006158
12.25 , 126567228.53269948 , 7691.797708549813 , 3765.6380261473796 , 126573925.36197385
12.75 , 126566074.85840975 , 8460.87159698915 , 4188.681605996837 , 126573502.318394
13.26 , 126564780.46385399 , 9323.748463491422 , 4664.192777634899 , 126573026.80722237
13.78 , 126563326.1074487 , 10293.253236656 , 5199.441945941011 , 126572491.55805406
14.309999999999999 , 126561689.6659196 , 11384.131185308406 , 5802.800898762356 , 126571888.19910124
14.849999999999998 , 126559845.66980605 , 12613.357347947183 , 6483.922195551504 , 126571207.07780445
15.399999999999999 , 126557764.75925846 , 14000.499026835345 , 7253.949642027448 , 126570437.05035797
15.959999999999999 , 126555413.04569407 , 15568.14094586986 , 8125.765534996161 , 126569565.234465
16.529999999999998 , 126552751.362137 , 17342.384489125783 , 9114.28145087633 , 126568576.71854912
17.109999999999996 , 126549734.38178952 , 19353.434612313984 , 10236.78065839054 , 126567454.2193416
17.699999999999996 , 126546309.58044998 , 21636.29062471169 , 11513.32180524853 , 126566177.67819475
18.299999999999997 , 126542416.01367855 , 24231.560161708258 , 12967.215414951026 , 126564723.78458504
18.909999999999997 , 126537982.87395178 , 27186.419413162825 , 14625.586999153958 , 126563065.41300085
19.529999999999998 , 126532927.7862477 , 30555.747167047724 , 16520.043323510916 , 126561170.95667648
20.159999999999997 , 126527154.79232967 , 34403.46562394253 , 18687.461657819294 , 126559003.53834218
20.799999999999997 , 126520551.9641653 , 38804.12741934225 , 21170.9258126572 , 126556520.07418734
21.449999999999996 , 126512988.57508579 , 43844.79607776231 , 24020.837557711748 , 126553670.16244228
22.109999999999996 , 126504311.74304686 , 49627.276479233486 , 27296.23780534116 , 126550394.76219466
22.779999999999998 , 126494342.44320087 , 56270.76316038872 , 31066.378937087204 , 126546624.62106292
23.459999999999997 , 126482870.76633415 , 63914.98777445955 , 35412.598105750454 , 126542278.40189426
24.15 , 126469650.27485186 , 72723.96324208322 , 40430.5515694542 , 126537260.44843055
24.849999999999998 , 126454391.27805483 , 82890.44156189616 , 46232.88247878693 , 126531458.11752121
25.56 , 126436752.81243934 , 94641.2255286263 , 52952.4094913194 , 126524738.59050868
26.279999999999998 , 126416333.06947362 , 108243.50243430288 , 60745.941666589206 , 126516945.05833341
27.009999999999998 , 126392657.96137153 , 124012.4010111846 , 69798.84694040568 , 126507892.15305959
27.749999999999996 , 126365167.45318678 , 142320.01231272388 , 80330.52785154725 , 126497360.47214845
28.499999999999996 , 126333199.21525879 , 163606.16189683272 , 92600.9899938097 , 126485090.01000619
29.259999999999998 , 126295969.06161049 , 188391.27558546362 , 106918.72693830493 , 126470772.2730617
30.029999999999998 , 126252547.53512159 , 217291.74519919016 , 123650.19131864258 , 126454040.80868135
30.81 , 126201831.87690026 , 251038.27481111197 , 143231.17675390933 , 126434459.82324609
31.599999999999998 , 126142512.4730875 , 290497.772658693 , 166180.5007939461 , 126411510.49920605
32.4 , 126073032.70560904 , 336699.44860877027 , 193116.45668264772 , 126384574.54331735
33.21 , 125991540.94332899 , 390865.88046963076 , 224776.59300068783 , 126352914.4069993
34.03 , 125895833.1975833 , 454449.92094066116 , 262041.48651782205 , 126315649.51348218
34.86 , 125783284.7350789 , 529178.4238381211 , 305963.29569638614 , 126271727.7043036
35.7 , 125650768.70039278 , 617103.8617560769 , 357800.0200838966 , 126219890.97991611
36.550000000000004 , 125494559.566175 , 720664.968406393 , 419056.54239844 , 126158634.45760156
37.410000000000004 , 125310219.02970818 , 842757.5374584284 , 491533.69061986485 , 126086157.30938013
38.28 , 125092461.8551864 , 986816.3998357636 , 577386.7174055763 , 126000304.28259443
39.160000000000004 , 124834999.1928789 , 1156909.314745263 , 679194.7371031594 , 125898496.26289684
40.050000000000004 , 124530357.19644332 , 1357842.9468611754 , 800042.7593738041 , 125777648.2406262
40.95 , 124169669.46560843 , 1595280.1223154191 , 943617.9703821918 , 125634073.0296178
41.86 , 123742443.18843153 , 1875865.965720264 , 1114321.773262736 , 125463369.22673726
42.78 , 123236301.15742339 , 2207358.0620222506 , 1317398.714968783 , 125260292.28503121
43.71 , 122636705.50381547 , 2598752.134635307 , 1559082.6634898665 , 125018608.33651014
44.65 , 121926674.56431937 , 3060389.5003649723 , 1846759.276524174 , 124730931.72347583
45.6 , 121086512.39328125 , 3604025.3493764712 , 2189141.684714939 , 124388549.31528506
46.56 , 120093581.72180696 , 4242827.381388039 , 2596453.113328191 , 123981237.88667181
47.53 , 118922166.18361588 , 4991262.454594442 , 3080605.571423852 , 123497085.42857614
48.51 , 117543486.48824327 , 5864815.221547059 , 3655357.4631354637 , 122922333.53686453
49.5 , 115925957.09170263 , 6879468.903643015 , 4336424.884596122 , 122241266.11540388
50.5 , 114035792.21990679 , 8050867.874973595 , 5141511.672093482 , 121436179.32790652
51.51 , 111838087.49054287 , 9393080.649639977 , 6090212.8177071195 , 120487478.18229288
52.53 , 109298506.65948592 , 10916899.326251153 , 7203736.548984737 , 119373954.45101526
53.56 , 106385678.6378659 , 12627659.24235616 , 8504385.450947423 , 118073305.54905258
54.6 , 103074341.13994138 , 14522652.208221355 , 10014741.280602444 , 116562949.71939756
55.65 , 99349138.61187834 , 16588343.971336793 , 11756517.397592807 , 114821173.60240719
56.71 , 95208788.28990214 , 18797781.775788285 , 13749082.265826365 , 112828608.73417364
57.78 , 90670088.00537199 , 21108754.927126404 , 16007719.043028891 , 110569971.95697111
58.86 , 85771008.40307344 , 23463382.284446 , 18541764.32974906 , 108035926.67025094
59.95 , 80571985.67306975 , 25789756.79129561 , 21352847.82000028 , 105224843.17999972
61.050000000000004 , 75154620.84018561 , 28006004.633019358 , 24433508.32963241 , 102144182.6703676
62.160000000000004 , 69617373.68346085 , 30026611.61089411 , 27766462.218441654 , 98811228.78155835
63.28 , 64068484.262150235 , 31770243.379102394 , 31324729.47690112 , 95252961.52309889
64.41 , 58617090.907524884 , 33167756.67576974 , 35072685.9812631 , 91505005.0187369
65.55 , 53364067.9745525 , 34168901.00785038 , 38967940.696158044 , 87609750.30384195
66.7 , 48394234.17643443 , 34746467.01572919 , 42963784.4029669 , 83613906.5970331
67.86 , 43771208.03651292 , 34897272.46418059 , 47011868.00881185 , 79565822.99118815
69.03 , 39535461.49962342 , 34640144.2786202 , 51064764.88941041 , 75512926.1105896
70.21000000000001 , 35705339.586387135 , 34011674.08595052 , 55078142.43155257 , 71499548.56844744
71.4 , 32280247.725522663 , 33060819.31056916 , 59012379.929510295 , 67565311.0704897
72.60000000000001 , 29244988.39655126 , 31843379.81133307 , 62833585.50687026 , 63744105.49312974
73.81 , 26574319.391130265 , 30417112.844146043 , 66514056.161011934 , 60063634.838988066
75.03 , 24237075.379991226 , 28837905.608489934 , 70032280.64524771 , 56545410.35475229
76.26 , 22199502.617184535 , 27157120.44770331 , 73372606.46031523 , 53205084.53968477
77.5 , 20427710.62959896 , 25420018.815876532 , 76524688.79348391 , 50053002.20651609
78.75 , 18889309.240102667 , 23665061.560036674 , 79482821.4884885 , 47094869.511511505
80.01 , 17554379.692797367 , 21923852.320429597 , 82245226.88086262 , 44332464.11913738
81.28 , 16395948.715782752 , 20221508.040301964 , 84813358.40198097 , 41764332.59801903
82.56 , 15390119.72990499 , 18577280.22090118 , 87191250.27025631 , 39386440.72974369
83.85000000000001 , 14515985.903485749 , 17005295.515979826 , 89384933.3918177 , 37192757.608182296
85.15 , 13755417.710644538 , 15515325.158255804 , 91401925.66239096 , 35175765.33760904
86.46000000000001 , 13092789.310051939 , 14113525.711292615 , 93250797.5305703 , 33326893.4694297
87.78 , 12514685.65551662 , 12803118.178504543 , 94940809.1301329 , 31636881.8698671
89.11 , 12009615.82637626 , 11584989.595152713 , 96481612.74628821 , 30096078.25371179
90.45 , 11567746.7113446 , 10458212.43910626 , 97883013.21312845 , 28694677.786871552
91.8 , 11180663.72385077 , 9420484.07443241 , 99154778.56317683 , 27422912.436823174
93.16 , 10841160.580779018 , 8468492.300933082 , 100306493.51610373 , 26271197.48389627
94.53 , 10543057.456914725 , 7598214.935369753 , 101347448.96224938 , 25230242.037750617
95.91 , 10281045.3738668 , 6805161.931979856 , 102286561.3088626 , 24291129.691137403
97.3 , 10050554.02704752 , 6084568.371509291 , 103132316.31250238 , 23445374.687497616
98.7 , 9847640.079734089 , 5431546.050260813 , 103892732.7595389 , 22684958.240461096
100.11 , 9668893.050961731 , 4841200.60300061 , 104575342.044562 , 22002348.955438003
101.53 , 9511356.161858177 , 4308720.231636572 , 105187180.3174544 , 21390510.682545602
102.96000000000001 , 9372459.802159358 , 3829441.265089429 , 105734790.41836219 , 20842900.581637815
104.4 , 9249965.587700909 , 3398894.9881159454 , 106224231.29665089 , 20353459.703349113
105.85000000000001 , 9141919.27463313 , 3012839.468534165 , 106661093.01958834 , 19916597.980411664
107.31 , 9046611.064109363 , 2667279.489961491 , 107050515.82512271 , 19527175.174877286
108.78 , 8962542.067275424 , 2358477.1593612446 , 107397211.96754882 , 19180479.032451183
110.26 , 8888395.904066974 , 2082955.2996130355 , 107705489.35189155 , 18872201.648108453
111.75 , 8823014.582527576 , 1837495.349151499 , 107979276.15891512 , 18598414.841084883
113.25 , 8765377.951145189 , 1619131.1649812225 , 108222145.8336623 , 18355545.1663377
114.76 , 8714586.138503158 , 1425139.8537426179 , 108437341.95157744 , 18140349.04842256
116.28 , 8669844.4957537 , 1253030.5302133388 , 108627802.59216987 , 17949888.407830134
117.81 , 8630450.64119974 , 1100531.7166883252 , 108796183.94482318 , 17781507.055176824
119.35000000000001 , 8595783.275424372 , 965577.9439226438 , 108944882.94818726 , 17632808.05181274
120.9 , 8565292.492377995 , 846295.989391711 , 109076058.82654297 , 17501632.173457026
122.46000000000001 , 8538491.35870716 , 740991.0869267671 , 109191653.43610355 , 17386037.563896447
124.03 , 8514948.572146801 , 648133.3594051844 , 109293410.37353016 , 17284280.626469836
125.61 , 8494282.041471897 , 566344.6598026152 , 109382892.82977898 , 17194798.170221016
127.2 , 8476153.256540574 , 494385.95275743864 , 109461500.19626741 , 17116190.80373259
128.8 , 8460262.338371927 , 431145.3265176441 , 109530483.44851023 , 17047207.55148977
130.41000000000003 , 8446343.67682445 , 375626.69178040576 , 109590959.34588687 , 16986731.65411313
132.03000000000003 , 8434162.077962598 , 326939.19786522747 , 109643923.49594104 , 16933767.504058957
133.66000000000003 , 8423509.355183918 , 284287.3765280075 , 109690262.33831511 , 16887428.661684886
135.3 , 8414201.308090009 , 246962.0084027553 , 109730764.10769317 , 16846926.892306834
136.95000000000002 , 8406075.041299405 , 214331.69562149447 , 109766128.83747071 , 16811562.16252929
138.61 , 8398986.582228625 , 185835.1158453916 , 109796977.46670105 , 16780713.533298954
140.28 , 8392808.762561409 , 160973.92711156275 , 109823860.11252868 , 16753830.887471318
141.96 , 8387429.332891239 , 139306.2890437942 , 109847263.56908804 , 16730427.430911958
143.65 , 8382749.28402642 , 120440.96366922333 , 109867618.09194814 , 16710072.908051863
145.35 , 8378681.351826563 , 104031.95798264863 , 109885303.52480519 , 16692387.475194812
147.06 , 8375148.68530546 , 89773.67022608909 , 109900654.82241385 , 16677036.177586153
148.78 , 8372083.660178219 , 77396.50237745835 , 109913967.02082276 , 16663723.979177237
150.51 , 8369426.822123558 , 66662.90238681131 , 109925499.70293568 , 16652191.29706432
152.25 , 8367125.945835094 , 57363.801115854105 , 109935481.00432985 , 16642209.995670155
154.0 , 8365135.197496583 , 49315.410610316416 , 109944111.20118666 , 16633579.798813343
155.76 , 8363414.389675118 , 42356.35217372624 , 109951565.91916923 , 16626125.080830768
157.53 , 8361928.318815166 , 36345.08464330538 , 109957998.9991511 , 16619692.000848904
159.31 , 8360646.176561439 , 31157.605238458378 , 109963545.05288354 , 16614145.947116464
161.1 , 8359541.027061289 , 26685.397317070518 , 109968321.73900329 , 16609369.260996714
162.9 , 8358589.343215235 , 22833.601302527113 , 109972431.78723773 , 16605259.212762266
164.71 , 8357770.595571881 , 19519.38691145867 , 109975964.7962687 , 16601726.203731298
166.53 , 8357066.888212795 , 16670.506601924586 , 109978998.82847025 , 16598692.171529755
168.36 , 8356462.636553913 , 14224.01186267682 , 109981601.82264112 , 16596089.17735888
170.20000000000002 , 8355944.282511042 , 12125.115569148786 , 109983832.84390584 , 16593858.156094164
172.05 , 8355500.042945053 , 10326.18513707259 , 109985743.18815619 , 16591947.811843812
173.91000000000003 , 8355119.687723383 , 8785.852608892132 , 109987377.35674144 , 16590313.643258557
175.78000000000003 , 8354794.344113588 , 7468.229112129169 , 109988773.91558541 , 16588917.084414586
177.66000000000003 , 8354516.324566309 , 6342.212334769533 , 109989966.25150435 , 16587724.748495653
179.55 , 8354278.975252939 , 5380.876773845101 , 109990983.23721461 , 16586707.76278539
181.45000000000002 , 8354076.543000884 , 4560.937533740775 , 109991849.81534602 , 16585841.184653983
183.36 , 8353904.058519518 , 3862.2793849196505 , 109992587.51070854 , 16585103.48929146
185.28 , 8353757.234035391 , 3267.543646620063 , 109993214.87908868 , 16584476.120911315
187.21 , 8353632.3736582855 , 2761.766233688136 , 109993747.89997178 , 16583943.100028217
189.15 , 8353526.29498243 , 2332.0609131676993 , 109994200.31978893 , 16583490.680211067
191.1 , 8353436.260591509 , 1967.3424556295956 , 109994583.95156778 , 16583107.048432216
193.06 , 8353359.918283718 , 1658.084944422904 , 109994908.93621689 , 16582782.06378311
195.03 , 8353295.248965594 , 1396.1110278441738 , 109995183.97008938 , 16582507.029910624
197.01 , 8353240.521282152 , 1174.4083692175125 , 109995416.50294648 , 16582274.497053519
199.0 , 8353194.252157207 , 986.9699724014615 , 109995612.90997098 , 16582078.090029016
201.0 , 8353155.1725129085 , 828.6554393884203 , 109995778.64105886 , 16581912.358941138
203.01 , 8353122.197522519 , 695.0705562885915 , 109995918.35024068 , 16581772.649759322
205.03 , 8353094.400826249 , 582.4629076893312 , 109996036.00774804 , 16581654.992251962
207.06 , 8353070.99220758 , 487.6314904973441 , 109996134.99694061 , 16581556.003059387
209.1 , 8353051.29828758 , 407.8485400042406 , 109996218.19804278 , 16581472.80195722
211.15 , 8353034.7458481565 , 340.7919959261528 , 109996288.06040195 , 16581402.939598054
213.21 , 8353020.847442609 , 284.48722718732523 , 109996346.66477075 , 16581344.335229248
215.28 , 8353009.188993837 , 237.25680366001262 , 109996395.77692911 , 16581295.22307089
217.36 , 8352999.419117762 , 197.67725314674277 , 109996436.89379777 , 16581254.10620223
219.45000000000002 , 8352991.239942382 , 164.54187461025646 , 109996471.28304957 , 16581219.716950431
221.55 , 8352984.399221868 , 136.82879585395906 , 109996500.0170967 , 16581190.982903302
223.66000000000003 , 8352978.683570691 , 113.67356719506222 , 109996524.00221938 , 16581166.997780621
225.78000000000003 , 8352973.912665255 , 94.34567366029972 , 109996544.00350219 , 16581146.99649781
227.91000000000003 , 8352969.9342803 , 78.22842823148596 , 109996560.66615741 , 16581130.33384259
230.05 , 8352966.620044672 , 64.80177890271843 , 109996574.53373809 , 16581116.466261908
232.20000000000002 , 8352963.861816312 , 53.62762388721732 , 109996586.06367722 , 16581104.936322778
234.36 , 8352961.568589589 , 44.33728322151437 , 109996595.64053039 , 16581095.359469607
236.53 , 8352959.66385977 , 36.620822146936874 , 109996603.5872488 , 16581087.412751198
238.71 , 8352958.083379591 , 30.217962798344526 , 109996610.1747647 , 16581080.825235307
240.9 , 8352956.773251723 , 24.910356607963074 , 109996615.6301328 , 16581075.369867206
243.1 , 8352955.688308665 , 20.515021070821568 , 109996620.14343743 , 16581070.85656257
245.31 , 8352954.790738301 , 16.87877168083029 , 109996623.87364598 , 16581067.126354024
247.53 , 8352954.04891917 , 13.873503433037282 , 109996626.95356373 , 16581064.046436265
249.76 , 8352953.436434551 , 11.392196741469624 , 109996629.4940236 , 16581061.505976394
252.0 , 8352952.931238856 , 9.345540335652881 , 109996631.58742464 , 16581059.412575364
254.25 , 8352952.514953576 , 7.659079019189366 , 109996633.31071742 , 16581057.689282581
256.51 , 8352952.172273316 , 6.270807406580741 , 109996634.72791989 , 16581056.272080109
258.78 , 8352951.890465263 , 5.1291421692338535 , 109996635.89223516 , 16581055.10776484
261.05999999999995 , 8352951.658947856 , 4.191215155203529 , 109996636.84783222 , 16581054.152167782
263.34999999999997 , 8352951.468936529 , 3.421438207690919 , 109996637.63134156 , 16581053.368658438
265.65 , 8352951.313146169 , 2.7902977769379875 , 109996638.27311005 , 16581052.726889953
267.96 , 8352951.185541499 , 2.2733436584857962 , 109996638.79825243 , 16581052.201747566
270.28 , 8352951.08112789 , 1.850341537210273 , 109996639.22753167 , 16581051.772468328
272.60999999999996 , 8352950.995776256 , 1.504563592748394 , 109996639.57809499 , 16581051.421905011
274.94999999999993 , 8352950.926076633 , 1.222195333841049 , 109996639.8640887 , 16581051.1359113
277.29999999999995 , 8352950.869215894 , 0.9918401689145321 , 109996640.09717114 , 16581050.902828857
279.65999999999997 , 8352950.822875715 , 0.8041060679516421 , 109996640.28694017 , 16581050.713059828
282.03 , 8352950.785147549 , 0.6512610957896704 , 109996640.44128905 , 16581050.558710948
284.40999999999997 , 8352950.754461844 , 0.5269466595449868 , 109996640.56670235 , 16581050.433297649
286.79999999999995 , 8352950.729529187 , 0.42593906488739597 , 109996640.6685018 , 16581050.331498206
289.19999999999993 , 8352950.709291414 , 0.3439514622581507 , 109996640.75105014 , 16581050.248949856
291.60999999999996 , 8352950.6928810505 , 0.27746952354437027 , 109996640.8179203 , 16581050.182079703
294.03 , 8352950.679587694 , 0.22361525550973532 , 109996640.87203519 , 16581050.12796481
296.46 , 8352950.668830185 , 0.18003425708322565 , 109996640.91578351 , 16581050.08421649
298.9 , 8352950.660133596 , 0.14480248801789952 , 109996640.95111531 , 16581050.04888469
301.34999999999997 , 8352950.653110216 , 0.11634925753453171 , 109996640.97962087 , 16581050.020379126
303.80999999999995 , 8352950.647443875 , 0.09339368141068438 , 109996641.00259572 , 16581049.997404277
306.28 , 8352950.642877007 , 0.07489230999592811 , 109996641.02109413 , 16581049.978905872
308.76 , 8352950.639200013 , 0.05999601100266801 , 109996641.03597315 , 16581049.964026853
311.25 , 8352950.636242506 , 0.04801451087096298 , 109996641.04792877 , 16581049.952071235
313.75 , 8352950.633866123 , 0.03838726659713247 , 109996641.05752558 , 16581049.942474425
316.26 , 8352950.631958622 , 0.030659564279733792 , 109996641.06522113 , 16581049.93477887
318.78 , 8352950.630429047 , 0.02446292817534397 , 109996641.07138579 , 16581049.928614214
321.30999999999995 , 8352950.629203774 , 0.019499080623237665 , 109996641.07631905 , 16581049.923680946
323.84999999999997 , 8352950.628223265 , 0.015526823748315065 , 109996641.08026287 , 16581049.91973713
326.4 , 8352950.627439425 , 0.01235132257616129 , 109996641.08341245 , 16581049.916587546
328.96 , 8352950.62681345 , 0.009815359631807104 , 109996641.08592519 , 16581049.914074808
331.53 , 8352950.626314056 , 0.007792206229112904 , 109996641.08792779 , 16581049.912072212
334.10999999999996 , 8352950.625916055 , 0.0061798180043203844 , 109996641.08952218 , 16581049.910477817
336.69999999999993 , 8352950.625599187 , 0.0048961139194043535 , 109996641.09079027 , 16581049.909209728
339.29999999999995 , 8352950.62534717 , 0.003875140734308791 , 109996641.09179781 , 16581049.908202186
341.90999999999997 , 8352950.6251469385 , 0.0030639603117291548 , 109996641.09259751 , 16581049.907402486
344.53 , 8352950.624988015 , 0.0024201263218940512 , 109996641.09323159 , 16581049.906768411
347.15999999999997 , 8352950.624862007 , 0.0019096410020484904 , 109996641.09373382 , 16581049.906266183
349.79999999999995 , 8352950.6247622 , 0.001505302468600647 , 109996641.09413122 , 16581049.905868784
352.44999999999993 , 8352950.624683227 , 0.0011853694073029203 , 109996641.09444533 , 16581049.905554667
355.10999999999996 , 8352950.6246208055 , 0.0009324833852321112 , 109996641.09469338 , 16581049.905306622
357.78 , 8352950.624571516 , 0.0007328000427979811 , 109996641.09488903 , 16581049.90511097
360.46 , 8352950.624532636 , 0.0005752894543959812 , 109996641.09504321 , 16581049.904956788
363.15 , 8352950.6245019995 , 0.0004511733411792658 , 109996641.09516458 , 16581049.904835418
365.84999999999997 , 8352950.624477883 , 0.00035347286774298865 , 109996641.09526002 , 16581049.904739976
368.55999999999995 , 8352950.624458919 , 0.0002766456955825862 , 109996641.09533499 , 16581049.904665008
371.28 , 8352950.624444023 , 0.00021629499789714674 , 109996641.09539382 , 16581049.904606178
374.01 , 8352950.624432333 , 0.00016893642610069434 , 109996641.09543994 , 16581049.90456006
376.75 , 8352950.624423169 , 0.00013181169309600267 , 109996641.09547606 , 16581049.904523939
379.5 , 8352950.624415993 , 0.00010273961302250517 , 109996641.09550431 , 16581049.904495686
382.26 , 8352950.624410379 , 7.99972031929533e-05 , 109996641.0955264 , 16581049.904473603
385.03 , 8352950.624405992 , 6.222488637271675e-05 , 109996641.09554364 , 16581049.904456362
387.80999999999995 , 8352950.624402568 , 4.835099205621651e-05 , 109996641.09555708 , 16581049.904442921
390.59999999999997 , 8352950.624399897 , 3.753169446778782e-05 , 109996641.09556755 , 16581049.904432446
393.4 , 8352950.624397816 , 2.910328400805755e-05 , 109996641.0955757 , 16581049.904424295
396.21 , 8352950.6243961975 , 2.2544281587603163e-05 , 109996641.09558204 , 16581049.904417962
399.03 , 8352950.624394939 , 1.744539934149342e-05 , 109996641.09558696 , 16581049.904413044
401.85999999999996 , 8352950.624393962 , 1.3485749113252458e-05 , 109996641.09559077 , 16581049.90440923
404.69999999999993 , 8352950.624393204 , 1.0414020170873868e-05 , 109996641.09559372 , 16581049.90440628
407.54999999999995 , 8352950.624392617 , 8.033604786765848e-06 , 109996641.09559602 , 16581049.904403985
410.40999999999997 , 8352950.624392162 , 6.190856696666289e-06 , 109996641.09559779 , 16581049.904402211
413.28 , 8352950.62439181 , 4.765832883360769e-06 , 109996641.09559916 , 16581049.90440084
416.15999999999997 , 8352950.624391538 , 3.6650015790839668e-06 , 109996641.09560022 , 16581049.904399782
419.04999999999995 , 8352950.624391329 , 2.8155052966055313e-06 , 109996641.09560104 , 16581049.904398963
421.94999999999993 , 8352950.6243911665 , 2.160652298162234e-06 , 109996641.09560166 , 16581049.904398337
424.85999999999996 , 8352950.624391042 , 1.656377404237625e-06 , 109996641.09560214 , 16581049.90439786
427.78 , 8352950.624390946 , 1.2684668262167286e-06 , 109996641.09560251 , 16581049.904397488
430.71 , 8352950.624390872 , 9.703845129373283e-07 , 109996641.0956028 , 16581049.904397205
433.65 , 8352950.624390815 , 7.415715310157782e-07 , 109996641.09560302 , 16581049.904396981
436.59999999999997 , 8352950.624390772 , 5.661170199781524e-07 , 109996641.09560318 , 16581049.904396817
439.55999999999995 , 8352950.624390738 , 4.3172069390894103e-07 , 109996641.09560332 , 16581049.904396683
442.53 , 8352950.624390713 , 3.288838381569958e-07 , 109996641.09560342 , 16581049.904396579
445.51 , 8352950.624390693 , 2.5027918241029253e-07 , 109996641.0956035 , 16581049.904396504
448.5 , 8352950.6243906785 , 1.9026064751131533e-07 , 109996641.09560356 , 16581049.904396445
451.5 , 8352950.624390667 , 1.4448234349674608e-07 , 109996641.0956036 , 16581049.9043964
454.51 , 8352950.624390659 , 1.0960280366045616e-07 , 109996641.09560363 , 16581049.90439637
457.53 , 8352950.624390652 , 8.30556428611502e-08 , 109996641.09560366 , 16581049.90439634
460.55999999999995 , 8352950.624390648 , 6.287192129841838e-08 , 109996641.09560367 , 16581049.904396325
463.59999999999997 , 8352950.624390644 , 4.7542710742490524e-08 , 109996641.09560369 , 16581049.90439631
466.65 , 8352950.624390641 , 3.591288376868622e-08 , 109996641.0956037 , 16581049.904396296
469.71 , 8352950.624390639 , 2.709912458431714e-08 , 109996641.09560372 , 16581049.90439628
472.78 , 8352950.6243906375 , 2.0426708649426832e-08 , 109996641.09560372 , 16581049.90439628
475.85999999999996 , 8352950.624390637 , 1.538080928335529e-08 , 109996641.09560372 , 16581049.90439628
478.94999999999993 , 8352950.624390636 , 1.156903531038317e-08 , 109996641.09560372 , 16581049.90439628
482.04999999999995 , 8352950.624390635 , 8.692641707157396e-09 , 109996641.09560372 , 16581049.90439628
485.15999999999997 , 8352950.624390634 , 6.5244302143246085e-09 , 109996641.09560372 , 16581049.90439628
488.28 , 8352950.624390634 , 4.891804403726295e-09 , 109996641.09560372 , 16581049.90439628
491.40999999999997 , 8352950.624390634 , 3.6637915997444065e-09 , 109996641.09560372 , 16581049.90439628
494.54999999999995 , 8352950.624390634 , 2.7411141969568612e-09 , 109996641.09560372 , 16581049.90439628
497.69999999999993 , 8352950.624390634 , 2.0486024310045546e-09 , 109996641.09560372 , 16581049.90439628
500.85999999999996 , 8352950.624390634 , 1.5294029613409645e-09 , 109996641.09560372 , 16581049.90439628
504.03 , 8352950.624390634 , 1.1405632045625577e-09 , 109996641.09560372 , 16581049.90439628
507.21 , 8352950.624390634 , 8.496684094600531e-10 , 109996641.09560372 , 16581049.90439628
510.4 , 8352950.624390634 , 6.322833820132477e-10 , 109996641.09560372 , 16581049.90439628
513.6 , 8352950.624390634 , 4.700085307428583e-10 , 109996641.09560372 , 16581049.90439628
516.8100000000001 , 8352950.624390634 , 3.4900438590463825e-10 , 109996641.09560372 , 16581049.90439628
520.0300000000001 , 8352950.624390634 , 2.5887296239398385e-10 , 109996641.09560372 , 16581049.90439628
523.2600000000001 , 8352950.624390634 , 1.918106244705502e-10 , 109996641.09560372 , 16581049.90439628
526.5000000000001 , 8352950.624390634 , 1.4196728371301277e-10 , 109996641.09560372 , 16581049.90439628
529.7500000000001 , 8352950.624390634 , 1.0496222413364673e-10 , 109996641.09560372 , 16581049.90439628
533.0100000000001 , 8352950.624390634 , 7.751868619087457e-11 , 109996641.09560372 , 16581049.90439628
536.2800000000001 , 8352950.624390634 , 5.718839355104303e-11 , 109996641.09560372 , 16581049.90439628
539.5600000000001 , 8352950.624390634 , 4.214412023952984e-11 , 109996641.09560372 , 16581049.90439628
542.85 , 8352950.624390634 , 3.102367017901344e-11 , 109996641.09560372 , 16581049.90439628
546.15 , 8352950.624390634 , 2.2812660040829426e-11 , 109996641.09560372 , 16581049.90439628
549.4599999999999 , 8352950.624390634 , 1.6756555042603993e-11 , 109996641.09560372 , 16581049.90439628
552.78 , 8352950.624390634 , 1.2294732483294824e-11 , 109996641.09560372 , 16581049.90439628
556.11 , 8352950.624390634 , 9.011113249765707e-12 , 109996641.09560372 , 16581049.90439628
559.45 , 8352950.624390634 , 6.597240408436168e-12 , 109996641.09560372 , 16581049.90439628
562.8000000000001 , 8352950.624390634 , 4.824698176794506e-12 , 109996641.09560372 , 16581049.90439628
566.1600000000001 , 8352950.624390634 , 3.5245318883820496e-12 , 109996641.09560372 , 16581049.90439628
569.5300000000001 , 8352950.624390634 , 2.5719094234498278e-12 , 109996641.09560372 , 16581049.90439628
572.9100000000001 , 8352950.624390634 , 1.8747022548920134e-12 , 109996641.09560372 , 16581049.90439628
576.3000000000001 , 8352950.624390634 , 1.3649942269907655e-12 , 109996641.09560372 , 16581049.90439628
579.7 , 8352950.624390634 , 9.927746549396814e-13 , 109996641.09560372 , 16581049.90439628
583.11 , 8352950.624390634 , 7.212592131305185e-13 , 109996641.09560372 , 16581049.90439628
586.53 , 8352950.624390634 , 5.234224701212264e-13 , 109996641.09560372 , 16581049.90439628
589.9599999999999 , 8352950.624390634 , 3.7943126832181847e-13 , 109996641.09560372 , 16581049.90439628
593.4 , 8352950.624390634 , 2.7474709352811683e-13 , 109996641.09560372 , 16581049.90439628
596.85 , 8352950.624390634 , 1.9872467607057806e-13 , 109996641.09560372 , 16581049.90439628
600.3100000000001 , 8352950.624390634 , 1.435782502007393e-13 , 109996641.09560372 , 16581049.90439628
603.7800000000001 , 8352950.624390634 , 1.0361989484069886e-13 , 109996641.09560372 , 16581049.90439628
607.2600000000001 , 8352950.624390634 , 7.469899076712266e-14 , 109996641.09560372 , 16581049.90439628
610.7500000000001 , 8352950.624390634 , 5.3790165415807345e-14 , 109996641.09560372 , 16581049.90439628
614.2500000000001 , 8352950.624390634 , 3.869074080781314e-14 , 109996641.09560372 , 16581049.90439628
617.7600000000001 , 8352950.624390634 , 2.779884105582658e-14 , 109996641.09560372 , 16581049.90439628
621.2800000000001 , 8352950.624390634 , 1.9950844067821243e-14 , 109996641.09560372 , 16581049.90439628
624.8100000000001 , 8352950.624390634 , 1.4302443949145916e-14 , 109996641.09560372 , 16581049.90439628
628.35 , 8352950.624390634 , 1.0241724455823727e-14 , 109996641.09560372 , 16581049.90439628
631.9 , 8352950.624390634 , 7.32570166329795e-15 , 109996641.09560372 , 16581049.90439628
635.4599999999999 , 8352950.624390634 , 5.234053180007924e-15 , 109996641.09560372 , 16581049.90439628
639.03 , 8352950.624390634 , 3.735418353542271e-15 , 109996641.09560372 , 16581049.90439628
642.61 , 8352950.624390634 , 2.6628826734920805e-15 , 109996641.09560372 , 16581049.90439628
646.2 , 8352950.624390634 , 1.896164152532128e-15 , 109996641.09560372 , 16581049.90439628
649.8000000000001 , 8352950.624390634 , 1.3486845964290839e-15 , 109996641.09560372 , 16581049.90439628
653.4100000000001 , 8352950.624390634 , 9.581971530884149e-16 , 109996641.09560372 , 16581049.90439628
657.0300000000001 , 8352950.624390634 , 6.799998467851057e-16 , 109996641.09560372 , 16581049.90439628
660.6600000000001 , 8352950.624390634 , 4.820273256724216e-16 , 109996641.09560372 , 16581049.90439628
664.3000000000001 , 8352950.624390634 , 3.4130515806074314e-16 , 109996641.09560372 , 16581049.90439628
667.95 , 8352950.624390634 , 2.4139142402423976e-16 , 109996641.09560372 , 16581049.90439628
671.61 , 8352950.624390634 , 1.7053285200294048e-16 , 109996641.09560372 , 16581049.90439628
675.28 , 8352950.624390634 , 1.2033748968766858e-16 , 109996641.09560372 , 16581049.90439628
678.9599999999999 , 8352950.624390634 , 8.482032900251606e-17 , 109996641.09560372 , 16581049.90439628
682.65 , 8352950.624390634 , 5.97178973860237e-17 , 109996641.09560372 , 16581049.90439628
686.35 , 8352950.624390634 , 4.199659214782068e-17 , 109996641.09560372 , 16581049.90439628
690.0600000000001 , 8352950.624390634 , 2.9500407494949354e-17 , 109996641.09560372 , 16581049.90439628
693.7800000000001 , 8352950.624390634 , 2.0698831792103763e-17 , 109996641.09560372 , 16581049.90439628
697.5100000000001 , 8352950.624390634 , 1.450664368522548e-17 , 109996641.09560372 , 16581049.90439628
701.2500000000001 , 8352950.624390634 , 1.015525357865502e-17 , 109996641.09560372 , 16581049.90439628
705.0000000000001 , 8352950.624390634 , 7.100954832765753e-18 , 109996641.09560372 , 16581049.90439628
708.7600000000001 , 8352950.624390634 , 4.959573221260282e-18 , 109996641.09560372 , 16581049.90439628
712.5300000000001 , 8352950.624390634 , 3.4599742617008017e-18 , 109996641.09560372 , 16581049.90439628
716.3100000000001 , 8352950.624390634 , 2.4110258207580505e-18 , 109996641.09560372 , 16581049.90439628
720.1 , 8352950.624390634 , 1.678149744038697e-18 , 109996641.09560372 , 16581049.90439628
723.9 , 8352950.624390634 , 1.166699039187389e-18 , 109996641.09560372 , 16581049.90439628
727.7099999999999 , 8352950.624390634 , 8.101877474924672e-19 , 109996641.09560372 , 16581049.90439628
731.53 , 8352950.624390634 , 5.619667550011274e-19 , 109996641.09560372 , 16581049.90439628
735.36 , 8352950.624390634 , 3.893436707002052e-19 , 109996641.09560372 , 16581049.90439628
739.2 , 8352950.624390634 , 2.694341085261619e-19 , 109996641.09560372 , 16581049.90439628
743.0500000000001 , 8352950.624390634 , 1.8623804517943916e-19 , 109996641.09560372 , 16581049.90439628
746.9100000000001 , 8352950.624390634 , 1.285819557104312e-19 , 109996641.09560372 , 16581049.90439628
750.7800000000001 , 8352950.624390634 , 8.867207167597573e-20 , 109996641.09560372 , 16581049.90439628
754.6600000000001 , 8352950.624390634 , 6.107849136289995e-20 , 109996641.09560372 , 16581049.90439628
758.5500000000001 , 8352950.624390634 , 4.202268300101993e-20 , 109996641.09560372 , 16581049.90439628
762.45 , 8352950.624390634 , 2.8878371037304995e-20 , 109996641.09560372 , 16581049.90439628
766.36 , 8352950.624390634 , 1.9822318710515608e-20 , 109996641.09560372 , 16581049.90439628
770.28 , 8352950.624390634 , 1.3590282107453612e-20 , 109996641.09560372 , 16581049.90439628
774.2099999999999 , 8352950.624390634 , 9.306666461934893e-21 , 109996641.09560372 , 16581049.90439628
778.15 , 8352950.624390634 , 6.365769252091267e-21 , 109996641.09560372 , 16581049.90439628
782.1 , 8352950.624390634 , 4.349087068138986e-21 , 109996641.09560372 , 16581049.90439628
786.0600000000001 , 8352950.624390634 , 2.967803765333974e-21 , 109996641.09560372 , 16581049.90439628
790.0300000000001 , 8352950.624390634 , 2.0228399863206965e-21 , 109996641.09560372 , 16581049.90439628
794.0100000000001 , 8352950.624390634 , 1.3771350956702487e-21 , 109996641.09560372 , 16581049.90439628
798.0000000000001 , 8352950.624390634 , 9.364392914066875e-22 , 109996641.09560372 , 16581049.90439628
802.0000000000001 , 8352950.624390634 , 6.360191177558459e-22 , 109996641.09560372 , 16581049.90439628
806.0100000000001 , 8352950.624390634 , 4.314669828830887e-22 , 109996641.09560372 , 16581049.90439628
810.0300000000001 , 8352950.624390634 , 2.9235546327110464e-22 , 109996641.09560372 , 16581049.90439628
814.0600000000001 , 8352950.624390634 , 1.9786113678510138e-22 , 109996641.09560372 , 16581049.90439628
818.1 , 8352950.624390634 , 1.3375031572774645e-22 , 109996641.09560372 , 16581049.90439628
822.15 , 8352950.624390634 , 9.030536460963306e-23 , 109996641.09560372 , 16581049.90439628
826.2099999999999 , 8352950.624390634 , 6.089983146927479e-23 , 109996641.09560372 , 16581049.90439628
830.28 , 8352950.624390634 , 4.102058245636175e-23 , 109996641.09560372 , 16581049.90439628
834.36 , 8352950.624390634 , 2.7597524677557115e-23 , 109996641.09560372 , 16581049.90439628
838.45 , 8352950.624390634 , 1.8544724960834584e-23 , 109996641.09560372 , 16581049.90439628
842.5500000000001 , 8352950.624390634 , 1.2446636400508435e-23 , 109996641.09560372 , 16581049.90439628
846.6600000000001 , 8352950.624390634 , 8.343808515712509e-24 , 109996641.09560372 , 16581049.90439628
850.7800000000001 , 8352950.624390634 , 5.586718035861595e-24 , 109996641.09560372 , 16581049.90439628
854.9100000000001 , 8352950.624390634 , 3.7361874040797476e-24 , 109996641.09560372 , 16581049.90439628
859.0500000000001 , 8352950.624390634 , 2.4956254244707524e-24 , 109996641.09560372 , 16581049.90439628
863.2 , 8352950.624390634 , 1.6649775235315387e-24 , 109996641.09560372 , 16581049.90439628
867.36 , 8352950.624390634 , 1.1094684211396165e-24 , 109996641.09560372 , 16581049.90439628
871.53 , 8352950.624390634 , 7.384115533891931e-25 , 109996641.09560372 , 16581049.90439628
875.7099999999999 , 8352950.624390634 , 4.908608077706319e-25 , 109996641.09560372 , 16581049.90439628
879.9 , 8352950.624390634 , 3.259071863677136e-25 , 109996641.09560372 , 16581049.90439628
884.1 , 8352950.624390634 , 2.1612479135057535e-25 , 109996641.09560372 , 16581049.90439628
888.3100000000001 , 8352950.624390634 , 1.4314944638091126e-25 , 109996641.09560372 , 16581049.90439628
892.5300000000001 , 8352950.624390634 , 9.469969001036303e-26 , 109996641.09560372 , 16581049.90439628
896.7600000000001 , 8352950.624390634 , 6.257208153703393e-26 , 109996641.09560372 , 16581049.90439628
901.0000000000001 , 8352950.624390634 , 4.129383027188088e-26 , 109996641.09560372 , 16581049.90439628
905.2500000000001 , 8352950.624390634 , 2.7218338661529187e-26 , 109996641.09560372 , 16581049.90439628
909.5100000000001 , 8352950.624390634 , 1.7918815372764308e-26 , 109996641.09560372 , 16581049.90439628
913.7800000000001 , 8352950.624390634 , 1.1782231935497984e-26 , 109996641.09560372 , 16581049.90439628
918.0600000000001 , 8352950.624390634 , 7.73776945907682e-27 , 109996641.09560372 , 16581049.90439628
922.35 , 8352950.624390634 , 5.075435375409738e-27 , 109996641.09560372 , 16581049.90439628
926.65 , 8352950.624390634 , 3.325059851723037e-27 , 109996641.09560372 , 16581049.90439628
930.9599999999999 , 8352950.624390634 , 2.175673036229168e-27 , 109996641.09560372 , 16581049.90439628
935.28 , 8352950.624390634 , 1.4218544347060017e-27 , 109996641.09560372 , 16581049.90439628
939.61 , 8352950.624390634 , 9.280755583723283e-28 , 109996641.09560372 , 16581049.90439628
943.95 , 8352950.624390634 , 6.050309190476416e-28 , 109996641.09560372 , 16581049.90439628
948.3000000000001 , 8352950.624390634 , 3.93946440552642e-28 , 109996641.09560372 , 16581049.90439628
952.6600000000001 , 8352950.624390634 , 2.5618960944683602e-28 , 109996641.09560372 , 16581049.90439628
957.0300000000001 , 8352950.624390634 , 1.6639868923157437e-28 , 109996641.09560372 , 16581049.90439628
961.4100000000001 , 8352950.624390634 , 1.0794479017758795e-28 , 109996641.09560372 , 16581049.90439628
965.8000000000001 , 8352950.624390634 , 6.993848243728324e-29 , 109996641.09560372 , 16581049.90439628
970.2 , 8352950.624390634 , 4.525773232924863e-29 , 109996641.09560372 , 16581049.90439628
974.61 , 8352950.624390634 , 2.925033028727335e-29 , 109996641.09560372 , 16581049.90439628
979.03 , 8352950.624390634 , 1.8881195554997276e-29 , 109996641.09560372 , 16581049.90439628
983.4599999999999 , 8352950.624390634 , 1.217273778297971e-29 , 109996641.09560372 , 16581049.90439628
987.9 , 8352950.624390634 , 7.838021164763151e-30 , 109996641.09560372 , 16581049.90439628
992.35 , 8352950.624390634 , 5.040612494101529e-30 , 109996641.09560372 , 16581049.90439628
996.8100000000001 , 8352950.624390634 , 3.237563017676332e-30 , 109996641.09560372 , 16581049.90439628
1001.2800000000001 , 8352950.624390634 , 2.0768757311461973e-30 , 109996641.09560372 , 16581049.90439628
1005.7600000000001 , 8352950.624390634 , 1.3306366333732993e-30 , 109996641.09560372 , 16581049.90439628
1010.2500000000001 , 8352950.624390634 , 8.514603766540961e-31 , 109996641.09560372 , 16581049.90439628
1014.7500000000001 , 8352950.624390634 , 5.441576383683501e-31 , 109996641.09560372 , 16581049.90439628
1019.2600000000001 , 8352950.624390634 , 3.4732788628457093e-31 , 109996641.09560372 , 16581049.90439628
1023.7800000000001 , 8352950.624390634 , 2.2141575882273373e-31 , 109996641.09560372 , 16581049.90439628
1028.3100000000002 , 8352950.624390634 , 1.4097128719438366e-31 , 109996641.09560372 , 16581049.90439628
1032.8500000000001 , 8352950.624390634 , 8.96407284193023e-32 , 109996641.09560372 , 16581049.90439628
1037.4 , 8352950.624390634 , 5.692879245214257e-32 , 109996641.09560372 , 16581049.90439628
1041.96 , 8352950.624390634 , 3.6108525753479667e-32 , 109996641.09560372 , 16581049.90439628
1046.53 , 8352950.624390634 , 2.28737852256009e-32 , 109996641.09560372 , 16581049.90439628
1051.11 , 8352950.624390634 , 1.4471585693275387e-32 , 109996641.09560372 , 16581049.90439628
1055.6999999999998 , 8352950.624390634 , 9.144149216521117e-33 , 109996641.09560372 , 16581049.90439628
1060.2999999999997 , 8352950.624390634 , 5.770572350584207e-33 , 109996641.09560372 , 16581049.90439628
1064.9099999999996 , 8352950.624390634 , 3.6369905914942764e-33 , 109996641.09560372 , 16581049.90439628
1069.5299999999995 , 8352950.624390634 , 2.2893514170932598e-33 , 109996641.09560372 , 16581049.90439628
1074.1599999999996 , 8352950.624390634 , 1.4392261444311394e-33 , 109996641.09560372 , 16581049.90439628
1078.7999999999997 , 8352950.624390634 , 9.036311691320222e-34 , 109996641.09560372 , 16581049.90439628
1083.4499999999998 , 8352950.624390634 , 5.666282758699533e-34 , 109996641.09560372 , 16581049.90439628
1088.11 , 8352950.624390634 , 3.5485379130645106e-34 , 109996641.09560372 , 16581049.90439628
1092.78 , 8352950.624390634 , 2.2194435868662845e-34 , 109996641.09560372 , 16581049.90439628
1097.46 , 8352950.624390634 , 1.3863775337274455e-34 , 109996641.09560372 , 16581049.90439628
1102.15 , 8352950.624390634 , 8.64890122999742e-35 , 109996641.09560372 , 16581049.90439628
1106.8500000000001 , 8352950.624390634 , 5.388671005713988e-35 , 109996641.09560372 , 16581049.90439628
1111.5600000000002 , 8352950.624390634 , 3.3530728421712294e-35 , 109996641.09560372 , 16581049.90439628
1116.2800000000002 , 8352950.624390634 , 2.0837430874200468e-35 , 109996641.09560372 , 16581049.90439628
1121.0100000000002 , 8352950.624390634 , 1.293255988106984e-35 , 109996641.09560372 , 16581049.90439628
1125.7500000000002 , 8352950.624390634 , 8.016102107207258e-36 , 109996641.09560372 , 16581049.90439628
1130.5000000000002 , 8352950.624390634 , 4.9622617933026886e-36 , 109996641.09560372 , 16581049.90439628
1135.2600000000002 , 8352950.624390634 , 3.067842539052249e-36 , 109996641.09560372 , 16581049.90439628
1140.0300000000002 , 8352950.624390634 , 1.8941862832203472e-36 , 109996641.09560372 , 16581049.90439628
1144.8100000000002 , 8352950.624390634 , 1.1680133492799529e-36 , 109996641.09560372 , 16581049.90439628
1149.6000000000001 , 8352950.624390634 , 7.1929607013164466e-37 , 109996641.09560372 , 16581049.90439628
1154.4 , 8352950.624390634 , 4.4238622372307045e-37 , 109996641.09560372 , 16581049.90439628
1159.21 , 8352950.624390634 , 2.7172449347116997e-37 , 109996641.09560372 , 16581049.90439628
1164.03 , 8352950.624390634 , 1.6668193287296832e-37 , 109996641.09560372 , 16581049.90439628
1168.86 , 8352950.624390634 , 1.021127734722627e-37 , 109996641.09560372 , 16581049.90439628
1173.6999999999998 , 8352950.624390634 , 6.247448375266559e-38 , 109996641.09560372 , 16581049.90439628
1178.5499999999997 , 8352950.624390634 , 3.817293857101924e-38 , 109996641.09560372 , 16581049.90439628
1183.4099999999996 , 8352950.624390634 , 2.3293678440118743e-38 , 109996641.09560372 , 16581049.90439628
1188.2799999999995 , 8352950.624390634 , 1.4195456830181245e-38 , 109996641.09560372 , 16581049.90439628
1193.1599999999996 , 8352950.624390634 , 8.639502475174078e-39 , 109996641.09560372 , 16581049.90439628
1198.0499999999997 , 8352950.624390634 , 5.25116182298544e-39 , 109996641.09560372 , 16581049.90439628
1202.9499999999998 , 8352950.624390634 , 3.187488472798208e-39 , 109996641.09560372 , 16581049.90439628
1207.86 , 8352950.624390634 , 1.9322692289986623e-39 , 109996641.09560372 , 16581049.90439628
1212.78 , 8352950.624390634 , 1.1698001879719128e-39 , 109996641.09560372 , 16581049.90439628
1217.71 , 8352950.624390634 , 7.072614832093637e-40 , 109996641.09560372 , 16581049.90439628
1222.65 , 8352950.624390634 , 4.270432243784341e-40 , 109996641.09560372 , 16581049.90439628
1227.6000000000001 , 8352950.624390634 , 2.5750543800849057e-40 , 109996641.09560372 , 16581049.90439628
1232.5600000000002 , 8352950.624390634 , 1.550682719268956e-40 , 109996641.09560372 , 16581049.90439628
1237.5300000000002 , 8352950.624390634 , 9.32568392720164e-41 , 109996641.09560372 , 16581049.90439628
1242.5100000000002 , 8352950.624390634 , 5.600913517509868e-41 , 109996641.09560372 , 16581049.90439628
1247.5000000000002 , 8352950.624390634 , 3.3593611657978016e-41 , 109996641.09560372 , 16581049.90439628
1252.5000000000002 , 8352950.624390634 , 2.012210482824999e-41 , 109996641.09560372 , 16581049.90439628
1257.5100000000002 , 8352950.624390634 , 1.2036721644896668e-41 , 109996641.09560372 , 16581049.90439628
1262.5300000000002 , 8352950.624390634 , 7.190520807200058e-42 , 109996641.09560372 , 16581049.90439628
1267.5600000000002 , 8352950.624390634 , 4.289720677204645e-42 , 109996641.09560372 , 16581049.90439628
1272.6000000000001 , 8352950.624390634 , 2.5557209511597457e-42 , 109996641.09560372 , 16581049.90439628
1277.65 , 8352950.624390634 , 1.5205924057402024e-42 , 109996641.09560372 , 16581049.90439628
1282.71 , 8352950.624390634 , 9.034962970522741e-43 , 109996641.09560372 , 16581049.90439628
1287.78 , 8352950.624390634 , 5.361092755692207e-43 , 109996641.09560372 , 16581049.90439628
1292.86 , 8352950.624390634 , 3.1768218180225243e-43 , 109996641.09560372 , 16581049.90439628
1297.9499999999998 , 8352950.624390634 , 1.8799408620654518e-43 , 109996641.09560372 , 16581049.90439628
1303.0499999999997 , 8352950.624390634 , 1.1109807053232474e-43 , 109996641.09560372 , 16581049.90439628
1308.1599999999996 , 8352950.624390634 , 6.556605341342793e-44 , 109996641.09560372 , 16581049.90439628
1313.2799999999995 , 8352950.624390634 , 3.864212185053261e-44 , 109996641.09560372 , 16581049.90439628
1318.4099999999996 , 8352950.624390634 , 2.2743195242656814e-44 , 109996641.09560372 , 16581049.90439628
1323.5499999999997 , 8352950.624390634 , 1.3367487255997222e-44 , 109996641.09560372 , 16581049.90439628
1328.6999999999998 , 8352950.624390634 , 7.846121955062588e-45 , 109996641.09560372 , 16581049.90439628
1333.86 , 8352950.624390634 , 4.5990326765644994e-45 , 109996641.09560372 , 16581049.90439628
1339.03 , 8352950.624390634 , 2.692051034681661e-45 , 109996641.09560372 , 16581049.90439628
1344.21 , 8352950.624390634 , 1.573637221287574e-45 , 109996641.09560372 , 16581049.90439628
1349.4 , 8352950.624390634 , 9.186068288445107e-46 , 109996641.09560372 , 16581049.90439628
1354.6000000000001 , 8352950.624390634 , 5.354977119567549e-46 , 109996641.09560372 , 16581049.90439628
1359.8100000000002 , 8352950.624390634 , 3.1173649431854933e-46 , 109996641.09560372 , 16581049.90439628
1365.0300000000002 , 8352950.624390634 , 1.8122534205941873e-46 , 109996641.09560372 , 16581049.90439628
1370.2600000000002 , 8352950.624390634 , 1.0520845327701347e-46 , 109996641.09560372 , 16581049.90439628
1375.5000000000002 , 8352950.624390634 , 6.099327334820557e-47 , 109996641.09560372 , 16581049.90439628
1380.7500000000002 , 8352950.624390634 , 3.5311162350866037e-47 , 109996641.09560372 , 16581049.90439628
1386.0100000000002 , 8352950.624390634 , 2.0414559769440451e-47 , 109996641.09560372 , 16581049.90439628
1391.2800000000002 , 8352950.624390634 , 1.178596431193167e-47 , 109996641.09560372 , 16581049.90439628
1396.5600000000002 , 8352950.624390634 , 6.794953415019235e-48 , 109996641.09560372 , 16581049.90439628
1401.8500000000001 , 8352950.624390634 , 3.91203979793793e-48 , 109996641.09560372 , 16581049.90439628
1407.15 , 8352950.624390634 , 2.249130323475774e-48 , 109996641.09560372 , 16581049.90439628
1412.46 , 8352950.624390634 , 1.2912778704229334e-48 , 109996641.09560372 , 16581049.90439628
1417.78 , 8352950.624390634 , 7.40316926046049e-49 , 109996641.09560372 , 16581049.90439628
1423.11 , 8352950.624390634 , 4.238456036914101e-49 , 109996641.09560372 , 16581049.90439628
1428.4499999999998 , 8352950.624390634 , 2.4231978100772178e-49 , 109996641.09560372 , 16581049.90439628
1433.7999999999997 , 8352950.624390634 , 1.383440161711397e-49 , 109996641.09560372 , 16581049.90439628
1439.1599999999996 , 8352950.624390634 , 7.887172873539591e-50 , 109996641.09560372 , 16581049.90439628
1444.5299999999995 , 8352950.624390634 , 4.490254434575453e-50 , 109996641.09560372 , 16581049.90439628
1449.9099999999996 , 8352950.624390634 , 2.552750023476508e-50 , 109996641.09560372 , 16581049.90439628
1455.2999999999997 , 8352950.624390634 , 1.4492139665439513e-50 , 109996641.09560372 , 16581049.90439628
1460.6999999999998 , 8352950.624390634 , 8.215665515965493e-51 , 109996641.09560372 , 16581049.90439628
1466.11 , 8352950.624390634 , 4.65091214424531e-51 , 109996641.09560372 , 16581049.90439628
1471.53 , 8352950.624390634 , 2.6291647309792494e-51 , 109996641.09560372 , 16581049.90439628
1476.96 , 8352950.624390634 , 1.4841604743470005e-51 , 109996641.09560372 , 16581049.90439628
1482.4 , 8352950.624390634 , 8.366165469744056e-52 , 109996641.09560372 , 16581049.90439628
1487.8500000000001 , 8352950.624390634 , 4.709271013476109e-52 , 109996641.09560372 , 16581049.90439628
1493.3100000000002 , 8352950.624390634 , 2.6470471842686628e-52 , 109996641.09560372 , 16581049.90439628
1498.7800000000002 , 8352950.624390634 , 1.485763075983666e-52 , 109996641.09560372 , 16581049.90439628
1504.2600000000002 , 8352950.624390634 , 8.327534346964888e-53 , 109996641.09560372 , 16581049.90439628
1509.7500000000002 , 8352950.624390634 , 4.660810096075586e-53 , 109996641.09560372 , 16581049.90439628
1515.2500000000002 , 8352950.624390634 , 2.6048552541650436e-53 , 109996641.09560372 , 16581049.90439628
1520.7600000000002 , 8352950.624390634 , 1.453724469954136e-53 , 109996641.09560372 , 16581049.90439628
1526.2800000000002 , 8352950.624390634 , 8.101324473187722e-54 , 109996641.09560372 , 16581049.90439628
1531.8100000000002 , 8352950.624390634 , 4.508213488748906e-54 , 109996641.09560372 , 16581049.90439628
1537.3500000000001 , 8352950.624390634 , 2.5051084996384003e-54 , 109996641.09560372 , 16581049.90439628
1542.9 , 8352950.624390634 , 1.3900208713029106e-54 , 109996641.09560372 , 16581049.90439628
1548.46 , 8352950.624390634 , 7.701723254757957e-55 , 109996641.09560372 , 16581049.90439628
1554.03 , 8352950.624390634 , 4.261135985053281e-55 , 109996641.09560372 , 16581049.90439628
1559.61 , 8352950.624390634 , 2.354143126107841e-55 , 109996641.09560372 , 16581049.90439628
1565.1999999999998 , 8352950.624390634 , 1.2987016786004254e-55 , 109996641.09560372 , 16581049.90439628
1570.7999999999997 , 8352950.624390634 , 7.154084930832097e-56 , 109996641.09560372 , 16581049.90439628
1576.4099999999996 , 8352950.624390634 , 3.9351927737207324e-56 , 109996641.09560372 , 16581049.90439628
1582.0299999999995 , 8352950.624390634 , 2.161445252949736e-56 , 109996641.09560372 , 16581049.90439628
1587.6599999999996 , 8352950.624390634 , 1.1854625778390701e-56 , 109996641.09560372 , 16581049.90439628
1593.2999999999997 , 8352950.624390634 , 6.492260099906885e-57 , 109996641.09560372 , 16581049.90439628
1598.9499999999998 , 8352950.624390634 , 3.5503199566918835e-57 , 109996641.09560372 , 16581049.90439628
1604.61 , 8352950.624390634 , 1.9386600626809508e-57 , 109996641.09560372 , 16581049.90439628
1610.28 , 8352950.624390634 , 1.0570547544665181e-57 , 109996641.09560372 , 16581049.90439628
1615.96 , 8352950.624390634 , 5.7551151119453256e-58 , 109996641.09560372 , 16581049.90439628
1621.65 , 8352950.624390634 , 3.1287460437800016e-58 , 109996641.09560372 , 16581049.90439628
1627.3500000000001 , 8352950.624390634 , 1.6984213289477087e-58 , 109996641.09560372 , 16581049.90439628
1633.0600000000002 , 8352950.624390634 , 9.206158157346248e-59 , 109996641.09560372 , 16581049.90439628
1638.7800000000002 , 8352950.624390634 , 4.982741444203547e-59 , 109996641.09560372 , 16581049.90439628
1644.5100000000002 , 8352950.624390634 , 2.692862899812015e-59 , 109996641.09560372 , 16581049.90439628
1650.2500000000002 , 8352950.624390634 , 1.4531657314813036e-59 , 109996641.09560372 , 16581049.90439628
1656.0000000000002 , 8352950.624390634 , 7.830150457783213e-60 , 109996641.09560372 , 16581049.90439628
1661.7600000000002 , 8352950.624390634 , 4.2128709802674574e-60 , 109996641.09560372 , 16581049.90439628
1667.5300000000002 , 8352950.624390634 , 2.2632802736031043e-60 , 109996641.09560372 , 16581049.90439628
1673.3100000000002 , 8352950.624390634 , 1.2140866309017549e-60 , 109996641.09560372 , 16581049.90439628
1679.1000000000001 , 8352950.624390634 , 6.502961818534365e-61 , 109996641.09560372 , 16581049.90439628
1684.9 , 8352950.624390634 , 3.4779388851634005e-61 , 109996641.09560372 , 16581049.90439628
1690.71 , 8352950.624390634 , 1.857295158456734e-61 , 109996641.09560372 , 16581049.90439628
1696.53 , 8352950.624390634 , 9.903464876186775e-62 , 109996641.09560372 , 16581049.90439628
1702.36 , 8352950.624390634 , 5.27278035722447e-62 , 109996641.09560372 , 16581049.90439628
1708.1999999999998 , 8352950.624390634 , 2.8030928682314576e-62 , 109996641.09560372 , 16581049.90439628
1714.0499999999997 , 8352950.624390634 , 1.4879200439830212e-62 , 109996641.09560372 , 16581049.90439628
1719.9099999999996 , 8352950.624390634 , 7.886149624176174e-63 , 109996641.09560372 , 16581049.90439628
1725.7799999999995 , 8352950.624390634 , 4.1734262881125285e-63 , 109996641.09560372 , 16581049.90439628
1731.6599999999996 , 8352950.624390634 , 2.2052701580806113e-63 , 109996641.09560372 , 16581049.90439628
1737.5499999999997 , 8352950.624390634 , 1.1635128177991787e-63 , 109996641.09560372 , 16581049.90439628
1743.4499999999998 , 8352950.624390634 , 6.129426731946859e-64 , 109996641.09560372 , 16581049.90439628
1749.36 , 8352950.624390634 , 3.224087739572176e-64 , 109996641.09560372 , 16581049.90439628
1755.28 , 8352950.624390634 , 1.6932892232512494e-64 , 109996641.09560372 , 16581049.90439628
1761.21 , 8352950.624390634 , 8.879565643034089e-65 , 109996641.09560372 , 16581049.90439628
1767.15 , 8352950.624390634 , 4.649299991857178e-65 , 109996641.09560372 , 16581049.90439628
1773.1000000000001 , 8352950.624390634 , 2.4306233605557055e-65 , 109996641.09560372 , 16581049.90439628
1779.0600000000002 , 8352950.624390634 , 1.2687644283744703e-65 , 109996641.09560372 , 16581049.90439628
1785.0300000000002 , 8352950.624390634 , 6.612665031617885e-66 , 109996641.09560372 , 16581049.90439628
1791.0100000000002 , 8352950.624390634 , 3.4411470239812795e-66 , 109996641.09560372 , 16581049.90439628
1797.0000000000002 , 8352950.624390634 , 1.7879693764884685e-66 , 109996641.09560372 , 16581049.90439628
1803.0000000000002 , 8352950.624390634 , 9.275685867690796e-67 , 109996641.09560372 , 16581049.90439628
1809.0100000000002 , 8352950.624390634 , 4.804631219543911e-67 , 109996641.09560372 , 16581049.90439628
1815.0300000000002 , 8352950.624390634 , 2.484855363685948e-67 , 109996641.09560372 , 16581049.90439628
1821.0600000000002 , 8352950.624390634 , 1.2831226029940166e-67 , 109996641.09560372 , 16581049.90439628
1827.1000000000001 , 8352950.624390634 , 6.6154612996085555e-68 , 109996641.09560372 , 16581049.90439628
1833.15 , 8352950.624390634 , 3.405461674856714e-68 , 109996641.09560372 , 16581049.90439628
1839.21 , 8352950.624390634 , 1.7503088671716016e-68 , 109996641.09560372 , 16581049.90439628
1845.28 , 8352950.624390634 , 8.982043691099856e-69 , 109996641.09560372 , 16581049.90439628
1851.36 , 8352950.624390634 , 4.6021031351277944e-69 , 109996641.09560372 , 16581049.90439628
1857.4499999999998 , 8352950.624390634 , 2.3542749439622054e-69 , 109996641.09560372 , 16581049.90439628
1863.5499999999997 , 8352950.624390634 , 1.2024764949699808e-69 , 109996641.09560372 , 16581049.90439628
1869.6599999999996 , 8352950.624390634 , 6.132160627797388e-70 , 109996641.09560372 , 16581049.90439628
1875.7799999999995 , 8352950.624390634 , 3.122244331384474e-70 , 109996641.09560372 , 16581049.90439628
1881.9099999999996 , 8352950.624390634 , 1.5872144495754833e-70 , 109996641.09560372 , 16581049.90439628
1888.0499999999997 , 8352950.624390634 , 8.055984270738123e-71 , 109996641.09560372 , 16581049.90439628
1894.1999999999998 , 8352950.624390634 , 4.082392942694128e-71 , 109996641.09560372 , 16581049.90439628
1900.36 , 8352950.624390634 , 2.065490042169991e-71 , 109996641.09560372 , 16581049.90439628
1906.53 , 8352950.624390634 , 1.0433797924441727e-71 , 109996641.09560372 , 16581049.90439628
1912.71 , 8352950.624390634 , 5.262252183909473e-72 , 109996641.09560372 , 16581049.90439628
1918.9 , 8352950.624390634 , 2.6497793693514766e-72 , 109996641.09560372 , 16581049.90439628
1925.1000000000001 , 8352950.624390634 , 1.3321572472854013e-72 , 109996641.09560372 , 16581049.90439628
1931.3100000000002 , 8352950.624390634 , 6.686639104529432e-73 , 109996641.09560372 , 16581049.90439628
1937.5300000000002 , 8352950.624390634 , 3.350933287291305e-73 , 109996641.09560372 , 16581049.90439628
1943.7600000000002 , 8352950.624390634 , 1.6765946385585475e-73 , 109996641.09560372 , 16581049.90439628
1950.0000000000002 , 8352950.624390634 , 8.37517020773103e-74 , 109996641.09560372 , 16581049.90439628
1956.2500000000002 , 8352950.624390634 , 4.176970122760834e-74 , 109996641.09560372 , 16581049.90439628
1962.5100000000002 , 8352950.624390634 , 2.0798409780661502e-74 , 109996641.09560372 , 16581049.90439628
1968.7800000000002 , 8352950.624390634 , 1.0339482455002289e-74 , 109996641.09560372 , 16581049.90439628
1975.0600000000002 , 8352950.624390634 , 5.131758948886692e-75 , 109996641.09560372 , 16581049.90439628
1981.3500000000001 , 8352950.624390634 , 2.5429120499040417e-75 , 109996641.09560372 , 16581049.90439628
1987.65 , 8352950.624390634 , 1.2580356180534632e-75 , 109996641.09560372 , 16581049.90439628
1993.96 , 8352950.624390634 , 6.213694531107938e-76 , 109996641.09560372 , 16581049.90439628
2000.28 , 8352950.624390634 , 3.0640869192290277e-76 , 109996641.09560372 , 16581049.90439628
2006.61 , 8352950.624390634 , 1.5085000641481872e-76 , 109996641.09560372 , 16581049.90439628
2012.9499999999998 , 8352950.624390634 , 7.414493746042124e-77 , 109996641.09560372 , 16581049.90439628
2019.2999999999997 , 8352950.624390634 , 3.638383178420928e-77 , 109996641.09560372 , 16581049.90439628
2025.6599999999996 , 8352950.624390634 , 1.7824812433815976e-77 , 109996641.09560372 , 16581049.90439628
2032.0299999999995 , 8352950.624390634 , 8.71826246996615e-78 , 109996641.09560372 , 16581049.90439628
2038.4099999999996 , 8352950.624390634 , 4.257181640736738e-78 , 109996641.09560372 , 16581049.90439628
2044.7999999999997 , 8352950.624390634 , 2.0753938227044959e-78 , 109996641.09560372 , 16581049.90439628
2051.2 , 8352950.624390634 , 1.0100986291648353e-78 , 109996641.09560372 , 16581049.90439628
2057.6099999999997 , 8352950.624390634 , 4.908070441133928e-79 , 109996641.09560372 , 16581049.90439628
2064.0299999999997 , 8352950.624390634 , 2.380895602002859e-79 , 109996641.09560372 , 16581049.90439628
2070.4599999999996 , 8352950.624390634 , 1.1530583669628156e-79 , 109996641.09560372 , 16581049.90439628
2076.8999999999996 , 8352950.624390634 , 5.574968427954602e-80 , 109996641.09560372 , 16581049.90439628
2083.3499999999995 , 8352950.624390634 , 2.690992701784486e-80 , 109996641.09560372 , 16581049.90439628
2089.8099999999995 , 8352950.624390634 , 1.2967624179596897e-80 , 109996641.09560372 , 16581049.90439628
2096.2799999999993 , 8352950.624390634 , 6.238567754038903e-81 , 109996641.09560372 , 16581049.90439628
2102.7599999999993 , 8352950.624390634 , 2.996296276514067e-81 , 109996641.09560372 , 16581049.90439628
2109.249999999999 , 8352950.624390634 , 1.4366758117438343e-81 , 109996641.09560372 , 16581049.90439628
2115.749999999999 , 8352950.624390634 , 6.877106611914524e-82 , 109996641.09560372 , 16581049.90439628
2122.2599999999993 , 8352950.624390634 , 3.2864306076789865e-82 , 109996641.09560372 , 16581049.90439628
2128.7799999999993 , 8352950.624390634 , 1.5678831240950475e-82 , 109996641.09560372 , 16581049.90439628
2135.3099999999995 , 8352950.624390634 , 7.467447645481666e-83 , 109996641.09560372 , 16581049.90439628
2141.8499999999995 , 8352950.624390634 , 3.55057538241344e-83 , 109996641.09560372 , 16581049.90439628
2148.3999999999996 , 8352950.624390634 , 1.6853577538112284e-83 , 109996641.09560372 , 16581049.90439628
2154.9599999999996 , 8352950.624390634 , 7.986399741490422e-84 , 109996641.09560372 , 16581049.90439628
2161.5299999999997 , 8352950.624390634 , 3.778107538741974e-84 , 109996641.09560372 , 16581049.90439628
2168.1099999999997 , 8352950.624390634 , 1.7842703928222622e-84 , 109996641.09560372 , 16581049.90439628
2174.7 , 8352950.624390634 , 8.41218572895283e-85 , 109996641.09560372 , 16581049.90439628
2181.2999999999997 , 8352950.624390634 , 3.9592927020379165e-85 , 109996641.09560372 , 16581049.90439628
2187.91 , 8352950.624390634 , 1.8603115312101593e-85 , 109996641.09560372 , 16581049.90439628
2194.5299999999997 , 8352950.624390634 , 8.725931378045449e-86 , 109996641.09560372 , 16581049.90439628
2201.16 , 8352950.624390634 , 4.085965406639846e-86 , 109996641.09560372 , 16581049.90439628
2207.7999999999997 , 8352950.624390634 , 1.9099987378884117e-86 , 109996641.09560372 , 16581049.90439628
2214.45 , 8352950.624390634 , 8.913036795960936e-87 , 109996641.09560372 , 16581049.90439628
2221.1099999999997 , 8352950.624390634 , 4.15213303621896e-87 , 109996641.09560372 , 16581049.90439628
2227.7799999999997 , 8352950.624390634 , 1.9309386468644702e-87 , 109996641.09560372 , 16581049.90439628
2234.4599999999996 , 8352950.624390634 , 8.964293184946502e-88 , 109996641.09560372 , 16581049.90439628
2241.1499999999996 , 8352950.624390634 , 4.154441955789254e-88 , 109996641.09560372 , 16581049.90439628
2247.8499999999995 , 8352950.624390634 , 1.9220164688769143e-88 , 109996641.09560372 , 16581049.90439628
2254.5599999999995 , 8352950.624390634 , 8.876627062400771e-89 , 109996641.09560372 , 16581049.90439628
2261.2799999999993 , 8352950.624390634 , 4.092455767768205e-89 , 109996641.09560372 , 16581049.90439628
2268.0099999999993 , 8352950.624390634 , 1.883492306586742e-89 , 109996641.09560372 , 16581049.90439628
2274.749999999999 , 8352950.624390634 , 8.653388946706995e-90 , 109996641.09560372 , 16581049.90439628
2281.499999999999 , 8352950.624390634 , 3.968713901889908e-90 , 109996641.09560372 , 16581049.90439628
2288.2599999999993 , 8352950.624390634 , 1.8169928831604335e-90 , 109996641.09560372 , 16581049.90439628
2295.0299999999993 , 8352950.624390634 , 8.30415014936361e-91 , 109996641.09560372 , 16581049.90439628
2301.8099999999995 , 8352950.624390634 , 3.7885616232573223e-91 , 109996641.09560372 , 16581049.90439628
2308.5999999999995 , 8352950.624390634 , 1.7253983235693053e-91 , 109996641.09560372 , 16581049.90439628
2315.3999999999996 , 8352950.624390634 , 7.84402364879482e-92 , 109996641.09560372 , 16581049.90439628
2322.2099999999996 , 8352950.624390634 , 3.559766993227814e-92 , 109996641.09560372 , 16581049.90439628
2329.0299999999997 , 8352950.624390634 , 1.6126348759949268e-92 , 109996641.09560372 , 16581049.90439628
2335.8599999999997 , 8352950.624390634 , 7.292575956081368e-93 , 109996641.09560372 , 16581049.90439628
2342.7 , 8352950.624390634 , 3.291963002973938e-93 , 109996641.09560372 , 16581049.90439628
2349.5499999999997 , 8352950.624390634 , 1.4833943838828287e-93 , 109996641.09560372 , 16581049.90439628
2356.41 , 8352950.624390634 , 6.672439422393463e-94 , 109996641.09560372 , 16581049.90439628
2363.2799999999997 , 8352950.624390634 , 2.9959709121734723e-94 , 109996641.09560372 , 16581049.90439628
2370.16 , 8352950.624390634 , 1.3428085672040298e-94 , 109996641.09560372 , 16581049.90439628
2377.0499999999997 , 8352950.624390634 , 6.00776285998604e-95 , 109996641.09560372 , 16581049.90439628
2383.95 , 8352950.624390634 , 2.683071411841451e-95 , 109996641.09560372 , 16581049.90439628
2390.8599999999997 , 8352950.624390634 , 1.1961098124080565e-95 , 109996641.09560372 , 16581049.90439628
2397.7799999999997 , 8352950.624390634 , 5.3226491497094945e-96 , 109996641.09560372 , 16581049.90439628
2404.7099999999996 , 8352950.624390634 , 2.364292374255049e-96 , 109996641.09560372 , 16581049.90439628
2411.6499999999996 , 8352950.624390634 , 1.0483098388301876e-96 , 109996641.09560372 , 16581049.90439628
2418.5999999999995 , 8352950.624390634 , 4.6397209380942664e-97 , 109996641.09560372 , 16581049.90439628
2425.5599999999995 , 8352950.624390634 , 2.0497757468724866e-97 , 109996641.09560372 , 16581049.90439628
2432.5299999999993 , 8352950.624390634 , 9.039235489358309e-98 , 109996641.09560372 , 16581049.90439628
2439.5099999999993 , 8352950.624390634 , 3.9789316160270304e-98 , 109996641.09560372 , 16581049.90439628
2446.499999999999 , 8352950.624390634 , 1.7482729250082106e-98 , 109996641.09560372 , 16581049.90439628
2453.499999999999 , 8352950.624390634 , 7.66758366675902e-99 , 109996641.09560372 , 16581049.90439628
2460.5099999999993 , 8352950.624390634 , 3.3567028566263737e-99 , 109996641.09560372 , 16581049.90439628
2467.5299999999993 , 8352950.624390634 , 1.4667999884859768e-99 , 109996641.09560372 , 16581049.90439628
2474.5599999999995 , 8352950.624390634 , 6.397805894686107e-100 , 109996641.09560372 , 16581049.90439628
2481.5999999999995 , 8352950.624390634 , 2.785427861335291e-100 , 109996641.09560372 , 16581049.90439628
2488.6499999999996 , 8352950.624390634 , 1.2104643151700432e-100 , 109996641.09560372 , 16581049.90439628
2495.7099999999996 , 8352950.624390634 , 5.2506105521610124e-101 , 109996641.09560372 , 16581049.90439628
2502.7799999999997 , 8352950.624390634 , 2.2733373074668966e-101 , 109996641.09560372 , 16581049.90439628
2509.8599999999997 , 8352950.624390634 , 9.824551124866935e-102 , 109996641.09560372 , 16581049.90439628
2516.95 , 8352950.624390634 , 4.237940204437733e-102 , 109996641.09560372 , 16581049.90439628
2524.0499999999997 , 8352950.624390634 , 1.8246883574844165e-102 , 109996641.09560372 , 16581049.90439628
2531.16 , 8352950.624390634 , 7.841747226128472e-103 , 109996641.09560372 , 16581049.90439628
2538.2799999999997 , 8352950.624390634 , 3.363765608599346e-103 , 109996641.09560372 , 16581049.90439628
2545.41 , 8352950.624390634 , 1.4402100721686438e-103 , 109996641.09560372 , 16581049.90439628
2552.5499999999997 , 8352950.624390634 , 6.154767737670889e-104 , 109996641.09560372 , 16581049.90439628
2559.7 , 8352950.624390634 , 2.625316515386577e-104 , 109996641.09560372 , 16581049.90439628
2566.8599999999997 , 8352950.624390634 , 1.11772332625584e-104 , 109996641.09560372 , 16581049.90439628
2574.0299999999997 , 8352950.624390634 , 4.749720554191895e-105 , 109996641.09560372 , 16581049.90439628
2581.2099999999996 , 8352950.624390634 , 2.0145653372274126e-105 , 109996641.09560372 , 16581049.90439628
2588.3999999999996 , 8352950.624390634 , 8.528500044713366e-106 , 109996641.09560372 , 16581049.90439628
2595.5999999999995 , 8352950.624390634 , 3.603631686170391e-106 , 109996641.09560372 , 16581049.90439628
2602.8099999999995 , 8352950.624390634 , 1.5197880141578822e-106 , 109996641.09560372 , 16581049.90439628
2610.0299999999993 , 8352950.624390634 , 6.397332739471543e-107 , 109996641.09560372 , 16581049.90439628
2617.2599999999993 , 8352950.624390634 , 2.687735915671976e-107 , 109996641.09560372 , 16581049.90439628
2624.499999999999 , 8352950.624390634 , 1.1270531493235602e-107 , 109996641.09560372 , 16581049.90439628
2631.749999999999 , 8352950.624390634 , 4.717053018791513e-108 , 109996641.09560372 , 16581049.90439628
2639.0099999999993 , 8352950.624390634 , 1.9704439341942685e-108 , 109996641.09560372 , 16581049.90439628
2646.2799999999993 , 8352950.624390634 , 8.215287559630831e-109 , 109996641.09560372 , 16581049.90439628
2653.5599999999995 , 8352950.624390634 , 3.418575790928505e-109 , 109996641.09560372 , 16581049.90439628
2660.8499999999995 , 8352950.624390634 , 1.4198085866776385e-109 , 109996641.09560372 , 16581049.90439628
2668.1499999999996 , 8352950.624390634 , 5.885385389697376e-110 , 109996641.09560372 , 16581049.90439628
2675.4599999999996 , 8352950.624390634 , 2.434887567983208e-110 , 109996641.09560372 , 16581049.90439628
2682.7799999999997 , 8352950.624390634 , 1.0054030136157819e-110 , 109996641.09560372 , 16581049.90439628
2690.1099999999997 , 8352950.624390634 , 4.143402077527848e-111 , 109996641.09560372 , 16581049.90439628
2697.45 , 8352950.624390634 , 1.70422902604127e-111 , 109996641.09560372 , 16581049.90439628
2704.7999999999997 , 8352950.624390634 , 6.996021999561216e-112 , 109996641.09560372 , 16581049.90439628
2712.16 , 8352950.624390634 , 2.8663224660210818e-112 , 109996641.09560372 , 16581049.90439628
2719.5299999999997 , 8352950.624390634 , 1.172054852116443e-112 , 109996641.09560372 , 16581049.90439628
2726.91 , 8352950.624390634 , 4.7831958553528315e-113 , 109996641.09560372 , 16581049.90439628
2734.2999999999997 , 8352950.624390634 , 1.9482022977780776e-113 , 109996641.09560372 , 16581049.90439628
2741.7 , 8352950.624390634 , 7.919429820315087e-114 , 109996641.09560372 , 16581049.90439628
2749.1099999999997 , 8352950.624390634 , 3.2128915288918655e-114 , 109996641.09560372 , 16581049.90439628
2756.5299999999997 , 8352950.624390634 , 1.30088468446212e-114 , 109996641.09560372 , 16581049.90439628
2763.9599999999996 , 8352950.624390634 , 5.256787508010522e-115 , 109996641.09560372 , 16581049.90439628
2771.3999999999996 , 8352950.624390634 , 2.120016382835454e-115 , 109996641.09560372 , 16581049.90439628
2778.8499999999995 , 8352950.624390634 , 8.53283735801248e-116 , 109996641.09560372 , 16581049.90439628
2786.3099999999995 , 8352950.624390634 , 3.427531460858617e-116 , 109996641.09560372 , 16581049.90439628
2793.7799999999993 , 8352950.624390634 , 1.3740465052209376e-116 , 109996641.09560372 , 16581049.90439628
2801.2599999999993 , 8352950.624390634 , 5.497328323242188e-117 , 109996641.09560372 , 16581049.90439628
2808.749999999999 , 8352950.624390634 , 2.1949793345387996e-117 , 109996641.09560372 , 16581049.90439628
2816.249999999999 , 8352950.624390634 , 8.746533423201752e-118 , 109996641.09560372 , 16581049.90439628
2823.7599999999993 , 8352950.624390634 , 3.4782956138227654e-118 , 109996641.09560372 , 16581049.90439628
2831.2799999999993 , 8352950.624390634 , 1.3804486503548556e-118 , 109996641.09560372 , 16581049.90439628
2838.8099999999995 , 8352950.624390634 , 5.467584309856238e-119 , 109996641.09560372 , 16581049.90439628
2846.3499999999995 , 8352950.624390634 , 2.1611773362817453e-119 , 109996641.09560372 , 16581049.90439628
2853.8999999999996 , 8352950.624390634 , 8.525173306530069e-120 , 109996641.09560372 , 16581049.90439628
2861.4599999999996 , 8352950.624390634 , 3.3560786414988486e-120 , 109996641.09560372 , 16581049.90439628
2869.0299999999997 , 8352950.624390634 , 1.318485443251914e-120 , 109996641.09560372 , 16581049.90439628
2876.6099999999997 , 8352950.624390634 , 5.169291674603669e-121 , 109996641.09560372 , 16581049.90439628
2884.2 , 8352950.624390634 , 2.022541337338234e-121 , 109996641.09560372 , 16581049.90439628
2891.7999999999997 , 8352950.624390634 , 7.897190623926752e-122 , 109996641.09560372 , 16581049.90439628
2899.41 , 8352950.624390634 , 3.0771938027824646e-122 , 109996641.09560372 , 16581049.90439628
2907.0299999999997 , 8352950.624390634 , 1.1965814073360979e-122 , 109996641.09560372 , 16581049.90439628
2914.66 , 8352950.624390634 , 4.6433666473571524e-123 , 109996641.09560372 , 16581049.90439628
2922.2999999999997 , 8352950.624390634 , 1.7981469281614016e-123 , 109996641.09560372 , 16581049.90439628
2929.95 , 8352950.624390634 , 6.948914708019419e-124 , 109996641.09560372 , 16581049.90439628
2937.6099999999997 , 8352950.624390634 , 2.6798255536620654e-124 , 109996641.09560372 , 16581049.90439628
2945.2799999999997 , 8352950.624390634 , 1.0313164044453223e-124 , 109996641.09560372 , 16581049.90439628
2952.9599999999996 , 8352950.624390634 , 3.960694089179748e-125 , 109996641.09560372 , 16581049.90439628
2960.6499999999996 , 8352950.624390634 , 1.5178985747012622e-125 , 109996641.09560372 , 16581049.90439628
2968.3499999999995 , 8352950.624390634 , 5.805028851537802e-126 , 109996641.09560372 , 16581049.90439628
2976.0599999999995 , 8352950.624390634 , 2.215410850277062e-126 , 109996641.09560372 , 16581049.90439628
2983.7799999999993 , 8352950.624390634 , 8.437048052408143e-127 , 109996641.09560372 , 16581049.90439628
2991.5099999999993 , 8352950.624390634 , 3.206351930736326e-127 , 109996641.09560372 , 16581049.90439628
2999.249999999999 , 8352950.624390634 , 1.2159461537777165e-127 , 109996641.09560372 , 16581049.90439628
3006.999999999999 , 8352950.624390634 , 4.601485343655391e-128 , 109996641.09560372 , 16581049.90439628
3014.7599999999993 , 8352950.624390634 , 1.7376421292197685e-128 , 109996641.09560372 , 16581049.90439628
3022.5299999999993 , 8352950.624390634 , 6.547858228098608e-129 , 109996641.09560372 , 16581049.90439628
3030.3099999999995 , 8352950.624390634 , 2.4621406934577164e-129 , 109996641.09560372 , 16581049.90439628
3038.0999999999995 , 8352950.624390634 , 9.238450943611984e-130 , 109996641.09560372 , 16581049.90439628
3045.8999999999996 , 8352950.624390634 , 3.4590445567629947e-130 , 109996641.09560372 , 16581049.90439628
3053.7099999999996 , 8352950.624390634 , 1.2923551300888915e-130 , 109996641.09560372 , 16581049.90439628
3061.5299999999997 , 8352950.624390634 , 4.818083255090221e-131 , 109996641.09560372 , 16581049.90439628
3069.3599999999997 , 8352950.624390634 , 1.7923855483933044e-131 , 109996641.09560372 , 16581049.90439628
3077.2 , 8352950.624390634 , 6.653516723351317e-132 , 109996641.09560372 , 16581049.90439628
3085.0499999999997 , 8352950.624390634 , 2.464516501468087e-132 , 109996641.09560372 , 16581049.90439628
3092.91 , 8352950.624390634 , 9.109002688016986e-133 , 109996641.09560372 , 16581049.90439628
3100.7799999999997 , 8352950.624390634 , 3.359437048743833e-133 , 109996641.09560372 , 16581049.90439628
3108.66 , 8352950.624390634 , 1.2362796145099642e-133 , 109996641.09560372 , 16581049.90439628
3116.5499999999997 , 8352950.624390634 , 4.5396186266649e-134 , 109996641.09560372 , 16581049.90439628
3124.45 , 8352950.624390634 , 1.6633070156760283e-134 , 109996641.09560372 , 16581049.90439628
3132.3599999999997 , 8352950.624390634 , 6.080982830545353e-135 , 109996641.09560372 , 16581049.90439628
3140.2799999999997 , 8352950.624390634 , 2.2183054838393454e-135 , 109996641.09560372 , 16581049.90439628
3148.2099999999996 , 8352950.624390634 , 8.074451810107738e-136 , 109996641.09560372 , 16581049.90439628
3156.1499999999996 , 8352950.624390634 , 2.932558949761305e-136 , 109996641.09560372 , 16581049.90439628
3164.0999999999995 , 8352950.624390634 , 1.0627236539084793e-136 , 109996641.09560372 , 16581049.90439628
3172.0599999999995 , 8352950.624390634 , 3.8426577747827764e-137 , 109996641.09560372 , 16581049.90439628
3180.0299999999993 , 8352950.624390634 , 1.3863685484551333e-137 , 109996641.09560372 , 16581049.90439628
3188.0099999999993 , 8352950.624390634 , 4.9906736153739696e-138 , 109996641.09560372 , 16581049.90439628
3195.999999999999 , 8352950.624390634 , 1.7925487094374976e-138 , 109996641.09560372 , 16581049.90439628
3203.999999999999 , 8352950.624390634 , 6.424094542640806e-139 , 109996641.09560372 , 16581049.90439628
3212.0099999999993 , 8352950.624390634 , 2.2970998185205902e-139 , 109996641.09560372 , 16581049.90439628
3220.0299999999993 , 8352950.624390634 , 8.195446357388507e-140 , 109996641.09560372 , 16581049.90439628
3228.0599999999995 , 8352950.624390634 , 2.9173461520086874e-140 , 109996641.09560372 , 16581049.90439628
3236.0999999999995 , 8352950.624390634 , 1.0361525842956775e-140 , 109996641.09560372 , 16581049.90439628
3244.1499999999996 , 8352950.624390634 , 3.67178846653806e-141 , 109996641.09560372 , 16581049.90439628
3252.2099999999996 , 8352950.624390634 , 1.2982177847215503e-141 , 109996641.09560372 , 16581049.90439628
3260.2799999999997 , 8352950.624390634 , 4.5796383437844816e-142 , 109996641.09560372 , 16581049.90439628
3268.3599999999997 , 8352950.624390634 , 1.6118561998392114e-142 , 109996641.09560372 , 16581049.90439628
3276.45 , 8352950.624390634 , 5.660185085048874e-143 , 109996641.09560372 , 16581049.90439628
3284.5499999999997 , 8352950.624390634 , 1.9830877563222015e-143 , 109996641.09560372 , 16581049.90439628
3292.66 , 8352950.624390634 , 6.931989878285665e-144 , 109996641.09560372 , 16581049.90439628
3300.7799999999997 , 8352950.624390634 , 2.417554684414287e-144 , 109996641.09560372 , 16581049.90439628
3308.91 , 8352950.624390634 , 8.411913459802915e-145 , 109996641.09560372 , 16581049.90439628
3317.0499999999997 , 8352950.624390634 , 2.920189811048181e-145 , 109996641.09560372 , 16581049.90439628
3325.2 , 8352950.624390634 , 1.0113997548857857e-145 , 109996641.09560372 , 16581049.90439628
3333.3599999999997 , 8352950.624390634 , 3.494843682993976e-146 , 109996641.09560372 , 16581049.90439628
3341.5299999999997 , 8352950.624390634 , 1.2048236276156133e-146 , 109996641.09560372 , 16581049.90439628
3349.7099999999996 , 8352950.624390634 , 4.1438846198287395e-147 , 109996641.09560372 , 16581049.90439628
3357.8999999999996 , 8352950.624390634 , 1.421929061088496e-147 , 109996641.09560372 , 16581049.90439628
3366.0999999999995 , 8352950.624390634 , 4.867791077371435e-148 , 109996641.09560372 , 16581049.90439628
3374.3099999999995 , 8352950.624390634 , 1.6625215017527398e-148 , 109996641.09560372 , 16581049.90439628
3382.5299999999993 , 8352950.624390634 , 5.664760550993284e-149 , 109996641.09560372 , 16581049.90439628
3390.7599999999993 , 8352950.624390634 , 1.9256279569155315e-149 , 109996641.09560372 , 16581049.90439628
3398.999999999999 , 8352950.624390634 , 6.530363106070681e-150 , 109996641.09560372 , 16581049.90439628
3407.249999999999 , 8352950.624390634 , 2.209398068684319e-150 , 109996641.09560372 , 16581049.90439628
3415.5099999999993 , 8352950.624390634 , 7.45726991083768e-151 , 109996641.09560372 , 16581049.90439628
3423.7799999999993 , 8352950.624390634 , 2.511033777474875e-151 , 109996641.09560372 , 16581049.90439628
3432.0599999999995 , 8352950.624390634 , 8.43508732854392e-152 , 109996641.09560372 , 16581049.90439628
3440.3499999999995 , 8352950.624390634 , 2.826756973125713e-152 , 109996641.09560372 , 16581049.90439628
3448.6499999999996 , 8352950.624390634 , 9.450324777999708e-153 , 109996641.09560372 , 16581049.90439628
3456.9599999999996 , 8352950.624390634 , 3.151823356504518e-153 , 109996641.09560372 , 16581049.90439628
3465.2799999999997 , 8352950.624390634 , 1.0486519455703873e-153 , 109996641.09560372 , 16581049.90439628
3473.6099999999997 , 8352950.624390634 , 3.48058867448308e-154 , 109996641.09560372 , 16581049.90439628
3481.95 , 8352950.624390634 , 1.1524533136682158e-154 , 109996641.09560372 , 16581049.90439628
3490.2999999999997 , 8352950.624390634 , 3.806630593296999e-155 , 109996641.09560372 , 16581049.90439628
3498.66 , 8352950.624390634 , 1.2543025931731328e-155 , 109996641.09560372 , 16581049.90439628
3507.0299999999997 , 8352950.624390634 , 4.122925881434516e-156 , 109996641.09560372 , 16581049.90439628
3515.41 , 8352950.624390634 , 1.3519099675454061e-156 , 109996641.09560372 , 16581049.90439628
3523.7999999999997 , 8352950.624390634 , 4.4220785189205064e-157 , 109996641.09560372 , 16581049.90439628
3532.2 , 8352950.624390634 , 1.4429090432699016e-157 , 109996641.09560372 , 16581049.90439628
3540.6099999999997 , 8352950.624390634 , 4.696590151645306e-158 , 109996641.09560372 , 16581049.90439628
3549.0299999999997 , 8352950.624390634 , 1.5249476542189617e-158 , 109996641.09560372 , 16581049.90439628
3557.4599999999996 , 8352950.624390634 , 4.939160339742304e-159 , 109996641.09560372 , 16581049.90439628
3565.8999999999996 , 8352950.624390634 , 1.59578568918551e-159 , 109996641.09560372 , 16581049.90439628
3574.3499999999995 , 8352950.624390634 , 5.1430007013741115e-160 , 109996641.09560372 , 16581049.90439628
3582.8099999999995 , 8352950.624390634 , 1.6533944968823556e-160 , 109996641.09560372 , 16581049.90439628
3591.2799999999993 , 8352950.624390634 , 5.3021446999255565e-161 , 109996641.09560372 , 16581049.90439628
3599.7599999999993 , 8352950.624390634 , 1.6960518739280194e-161 , 109996641.09560372 , 16581049.90439628
3608.249999999999 , 8352950.624390634 , 5.4117337703945e-162 , 109996641.09560372 , 16581049.90439628
3616.749999999999 , 8352950.624390634 , 1.7224265406646038e-162 , 109996641.09560372 , 16581049.90439628
3625.2599999999993 , 8352950.624390634 , 5.468260930393414e-163 , 109996641.09560372 , 16581049.90439628
3633.7799999999993 , 8352950.624390634 , 1.7316463997562478e-163 , 109996641.09560372 , 16581049.90439628
3642.3099999999995 , 8352950.624390634 , 5.469755035551236e-164 , 109996641.09560372 , 16581049.90439628
3650.8499999999995 , 8352950.624390634 , 1.7233457491331383e-164 , 109996641.09560372 , 16581049.90439628
3659.3999999999996 , 8352950.624390634 , 5.41589232611136e-165 , 109996641.09560372 , 16581049.90439628
3667.9599999999996 , 8352950.624390634 , 1.6976879299985407e-165 , 109996641.09560372 , 16581049.90439628
3676.5299999999997 , 8352950.624390634 , 5.3080266243516515e-166 , 109996641.09560372 , 16581049.90439628
3685.1099999999997 , 8352950.624390634 , 1.6553615317140222e-166 , 109996641.09560372 , 16581049.90439628
3693.7 , 8352950.624390634 , 5.149135098828562e-167 , 109996641.09560372 , 16581049.90439628
3702.2999999999997 , 8352950.624390634 , 1.5975501101543608e-167 , 109996641.09560372 , 16581049.90439628
3710.91 , 8352950.624390634 , 4.943682430253112e-168 , 109996641.09560372 , 16581049.90439628
3719.5299999999997 , 8352950.624390634 , 1.525877242549732e-168 , 109996641.09560372 , 16581049.90439628
3728.16 , 8352950.624390634 , 4.6974119651680045e-169 , 109996641.09560372 , 16581049.90439628
3736.7999999999997 , 8352950.624390634 , 1.4423304713987786e-169 , 109996641.09560372 , 16581049.90439628
3745.45 , 8352950.624390634 , 4.4170775063820344e-170 , 109996641.09560372 , 16581049.90439628
3754.1099999999997 , 8352950.624390634 , 1.3491691262516245e-170 , 109996641.09560372 , 16581049.90439628
3762.7799999999997 , 8352950.624390634 , 4.1101333085473595e-171 , 109996641.09560372 , 16581049.90439628
3771.4599999999996 , 8352950.624390634 , 1.248822027891072e-171 , 109996641.09560372 , 16581049.90439628
3780.1499999999996 , 8352950.624390634 , 3.784402285123112e-172 , 109996641.09560372 , 16581049.90439628
3788.8499999999995 , 8352950.624390634 , 1.1437815908025455e-172 , 109996641.09560372 , 16581049.90439628
3797.5599999999995 , 8352950.624390634 , 3.447743203859473e-173 , 109996641.09560372 , 16581049.90439628
3806.2799999999993 , 8352950.624390634 , 1.0365008148485061e-173 , 109996641.09560372 , 16581049.90439628
3815.0099999999993 , 8352950.624390634 , 3.1077367369060737e-174 , 109996641.09560372 , 16581049.90439628
3823.749999999999 , 8352950.624390634 , 9.292991180183484e-175 , 109996641.09560372 , 16581049.90439628
3832.499999999999 , 8352950.624390634 , 2.7714077911361233e-175 , 109996641.09560372 , 16581049.90439628
3841.2599999999993 , 8352950.624390634 , 8.242819813282083e-176 , 109996641.09560372 , 16581049.90439628
3850.0299999999993 , 8352950.624390634 , 2.4449978712530946e-176 , 109996641.09560372 , 16581049.90439628
3858.8099999999995 , 8352950.624390634 , 7.232780667797764e-177 , 109996641.09560372 , 16581049.90439628
3867.5999999999995 , 8352950.624390634 , 2.1337967251195506e-177 , 109996641.09560372 , 16581049.90439628
3876.3999999999996 , 8352950.624390634 , 6.277959679185633e-178 , 109996641.09560372 , 16581049.90439628
3885.2099999999996 , 8352950.624390634 , 1.8420376457464187e-178 , 109996641.09560372 , 16581049.90439628
3894.0299999999997 , 8352950.624390634 , 5.390012073581644e-179 , 109996641.09560372 , 16581049.90439628
3902.8599999999997 , 8352950.624390634 , 1.572856018296884e-179 , 109996641.09560372 , 16581049.90439628
3911.7 , 8352950.624390634 , 4.577126467167214e-180 , 109996641.09560372 , 16581049.90439628
3920.5499999999997 , 8352950.624390634 , 1.3283064167770272e-180 , 109996641.09560372 , 16581049.90439628
3929.41 , 8352950.624390634 , 3.8441623998255896e-181 , 109996641.09560372 , 16581049.90439628
3938.2799999999997 , 8352950.624390634 , 1.1094300996007648e-181 , 109996641.09560372 , 16581049.90439628
3947.16 , 8352950.624390634 , 3.1929312709269565e-182 , 109996641.09560372 , 16581049.90439628
3956.0499999999997 , 8352950.624390634 , 9.16362337494378e-183 , 109996641.09560372 , 16581049.90439628
3964.95 , 8352950.624390634 , 2.6225847773477326e-183 , 109996641.09560372 , 16581049.90439628
3973.8599999999997 , 8352950.624390634 , 7.484677179817405e-184 , 109996641.09560372 , 16581049.90439628
3982.7799999999997 , 8352950.624390634 , 2.1300726407565747e-184 , 109996641.09560372 , 16581049.90439628
3991.7099999999996 , 8352950.624390634 , 6.044913749499155e-185 , 109996641.09560372 , 16581049.90439628
4000.6499999999996 , 8352950.624390634 , 1.710632378660793e-185 , 109996641.09560372 , 16581049.90439628
4009.5999999999995 , 8352950.624390634 , 4.827148551637379e-186 , 109996641.09560372 , 16581049.90439628
4018.5599999999995 , 8352950.624390634 , 1.3582775681995562e-186 , 109996641.09560372 , 16581049.90439628
4027.5299999999993 , 8352950.624390634 , 3.811068481533187e-187 , 109996641.09560372 , 16581049.90439628
4036.5099999999993 , 8352950.624390634 , 1.0662567376206894e-187 , 109996641.09560372 , 16581049.90439628
4045.499999999999 , 8352950.624390634 , 2.974610226889341e-188 , 109996641.09560372 , 16581049.90439628
4054.499999999999 , 8352950.624390634 , 8.274618847716375e-189 , 109996641.09560372 , 16581049.90439628
4063.5099999999993 , 8352950.624390634 , 2.2951547463127424e-189 , 109996641.09560372 , 16581049.90439628
4072.5299999999993 , 8352950.624390634 , 6.347728721733769e-190 , 109996641.09560372 , 16581049.90439628
4081.5599999999995 , 8352950.624390634 , 1.7505055982454416e-190 , 109996641.09560372 , 16581049.90439628
4090.5999999999995 , 8352950.624390634 , 4.81330892081166e-191 , 109996641.09560372 , 16581049.90439628
4099.65 , 8352950.624390634 , 1.3196396590643981e-191 , 109996641.09560372 , 16581049.90439628
4108.71 , 8352950.624390634 , 3.60740295462715e-192 , 109996641.09560372 , 16581049.90439628
4117.78 , 8352950.624390634 , 9.83236270181079e-193 , 109996641.09560372 , 16581049.90439628
4126.86 , 8352950.624390634 , 2.6720298197354403e-193 , 109996641.09560372 , 16581049.90439628
4135.95 , 8352950.624390634 , 7.240042299864934e-194 , 109996641.09560372 , 16581049.90439628
4145.05 , 8352950.624390634 , 1.9559308409555512e-194 , 109996641.09560372 , 16581049.90439628
4154.16 , 8352950.624390634 , 5.268350324390313e-195 , 109996641.09560372 , 16581049.90439628
4163.28 , 8352950.624390634 , 1.4148184263440434e-195 , 109996641.09560372 , 16581049.90439628
4172.41 , 8352950.624390634 , 3.788155558954606e-196 , 109996641.09560372 , 16581049.90439628
4181.55 , 8352950.624390634 , 1.011234881312463e-196 , 109996641.09560372 , 16581049.90439628
4190.7 , 8352950.624390634 , 2.691345772360654e-197 , 109996641.09560372 , 16581049.90439628
4199.86 , 8352950.624390634 , 7.141282749658061e-198 , 109996641.09560372 , 16581049.90439628
4209.03 , 8352950.624390634 , 1.8891579368573144e-198 , 109996641.09560372 , 16581049.90439628
4218.21 , 8352950.624390634 , 4.982434764136085e-199 , 109996641.09560372 , 16581049.90439628
4227.4 , 8352950.624390634 , 1.3100632810400082e-199 , 109996641.09560372 , 16581049.90439628
4236.599999999999 , 8352950.624390634 , 3.43412568506818e-200 , 109996641.09560372 , 16581049.90439628
4245.8099999999995 , 8352950.624390634 , 8.974479921593313e-201 , 109996641.09560372 , 16581049.90439628
4255.03 , 8352950.624390634 , 2.3381237701651717e-201 , 109996641.09560372 , 16581049.90439628
4264.259999999999 , 8352950.624390634 , 6.072768008987153e-202 , 109996641.09560372 , 16581049.90439628
4273.499999999999 , 8352950.624390634 , 1.572398893323339e-202 , 109996641.09560372 , 16581049.90439628
4282.749999999999 , 8352950.624390634 , 4.058742012083002e-203 , 109996641.09560372 , 16581049.90439628
4292.009999999999 , 8352950.624390634 , 1.0444042971085015e-203 , 109996641.09560372 , 16581049.90439628
4301.28 , 8352950.624390634 , 2.6791073744517552e-204 , 109996641.09560372 , 16581049.90439628
4310.5599999999995 , 8352950.624390634 , 6.850962823167841e-205 , 109996641.09560372 , 16581049.90439628
4319.849999999999 , 8352950.624390634 , 1.746420622072442e-205 , 109996641.09560372 , 16581049.90439628
4329.15 , 8352950.624390634 , 4.4379002986681374e-206 , 109996641.09560372 , 16581049.90439628
4338.46 , 8352950.624390634 , 1.1241735305429637e-206 , 109996641.09560372 , 16581049.90439628
4347.78 , 8352950.624390634 , 2.838650597905851e-207 , 109996641.09560372 , 16581049.90439628
4357.11 , 8352950.624390634 , 7.1451098953512125e-208 , 109996641.09560372 , 16581049.90439628
4366.45 , 8352950.624390634 , 1.7927505548965867e-208 , 109996641.09560372 , 16581049.90439628
4375.8 , 8352950.624390634 , 4.48373937293661e-209 , 109996641.09560372 , 16581049.90439628
4385.16 , 8352950.624390634 , 1.1178046992020492e-209 , 109996641.09560372 , 16581049.90439628
4394.53 , 8352950.624390634 , 2.7777431342739893e-210 , 109996641.09560372 , 16581049.90439628
4403.91 , 8352950.624390634 , 6.880409578912358e-211 , 109996641.09560372 , 16581049.90439628
4413.3 , 8352950.624390634 , 1.6987442696200197e-211 , 109996641.09560372 , 16581049.90439628
4422.7 , 8352950.624390634 , 4.1805039559710556e-212 , 109996641.09560372 , 16581049.90439628
4432.11 , 8352950.624390634 , 1.0254431327383759e-212 , 109996641.09560372 , 16581049.90439628
4441.53 , 8352950.624390634 , 2.5071030692423222e-213 , 109996641.09560372 , 16581049.90439628
4450.96 , 8352950.624390634 , 6.109501669854514e-214 , 109996641.09560372 , 16581049.90439628
4460.4 , 8352950.624390634 , 1.483910386113263e-214 , 109996641.09560372 , 16581049.90439628
4469.849999999999 , 8352950.624390634 , 3.5923042588783655e-215 , 109996641.09560372 , 16581049.90439628
4479.3099999999995 , 8352950.624390634 , 8.667569583552355e-216 , 109996641.09560372 , 16581049.90439628
4488.78 , 8352950.624390634 , 2.0843735189467964e-216 , 109996641.09560372 , 16581049.90439628
4498.259999999999 , 8352950.624390634 , 4.995775489146754e-217 , 109996641.09560372 , 16581049.90439628
4507.749999999999 , 8352950.624390634 , 1.1933685037134214e-217 , 109996641.09560372 , 16581049.90439628
4517.249999999999 , 8352950.624390634 , 2.8410941563184885e-218 , 109996641.09560372 , 16581049.90439628
4526.759999999999 , 8352950.624390634 , 6.741105908646508e-219 , 109996641.09560372 , 16581049.90439628
4536.28 , 8352950.624390634 , 1.5940655628441104e-219 , 109996641.09560372 , 16581049.90439628
4545.8099999999995 , 8352950.624390634 , 3.756693115119187e-220 , 109996641.09560372 , 16581049.90439628
4555.349999999999 , 8352950.624390634 , 8.823171850153133e-221 , 109996641.09560372 , 16581049.90439628
4564.9 , 8352950.624390634 , 2.0651812475273368e-221 , 109996641.09560372 , 16581049.90439628
4574.46 , 8352950.624390634 , 4.8172692846641154e-222 , 109996641.09560372 , 16581049.90439628
4584.03 , 8352950.624390634 , 1.1198190652396804e-222 , 109996641.09560372 , 16581049.90439628
4593.61 , 8352950.624390634 , 2.594142344172978e-223 , 109996641.09560372 , 16581049.90439628
4603.2 , 8352950.624390634 , 5.988713748323257e-224 , 109996641.09560372 , 16581049.90439628
4612.8 , 8352950.624390634 , 1.37772288351955e-224 , 109996641.09560372 , 16581049.90439628
4622.41 , 8352950.624390634 , 3.158446139103385e-225 , 109996641.09560372 , 16581049.90439628
4632.03 , 8352950.624390634 , 7.215443817636563e-226 , 109996641.09560372 , 16581049.90439628
4641.66 , 8352950.624390634 , 1.6425751247978363e-226 , 109996641.09560372 , 16581049.90439628
4651.3 , 8352950.624390634 , 3.726101328345194e-227 , 109996641.09560372 , 16581049.90439628
4660.95 , 8352950.624390634 , 8.422594238799951e-228 , 109996641.09560372 , 16581049.90439628
4670.61 , 8352950.624390634 , 1.8971139950951897e-228 , 109996641.09560372 , 16581049.90439628
4680.28 , 8352950.624390634 , 4.257864155163911e-229 , 109996641.09560372 , 16581049.90439628
4689.96 , 8352950.624390634 , 9.52215954061634e-230 , 109996641.09560372 , 16581049.90439628
4699.65 , 8352950.624390634 , 2.1218701287565275e-230 , 109996641.09560372 , 16581049.90439628
4709.349999999999 , 8352950.624390634 , 4.7112506593358253e-231 , 109996641.09560372 , 16581049.90439628
4719.0599999999995 , 8352950.624390634 , 1.0422742870625359e-231 , 109996641.09560372 , 16581049.90439628
4728.78 , 8352950.624390634 , 2.2974735958485123e-232 , 109996641.09560372 , 16581049.90439628
4738.509999999999 , 8352950.624390634 , 5.045869065111843e-233 , 109996641.09560372 , 16581049.90439628
4748.249999999999 , 8352950.624390634 , 1.104161439402756e-233 , 109996641.09560372 , 16581049.90439628
4757.999999999999 , 8352950.624390634 , 2.4073237078152513e-234 , 109996641.09560372 , 16581049.90439628
4767.759999999999 , 8352950.624390634 , 5.229207191194125e-235 , 109996641.09560372 , 16581049.90439628
4777.53 , 8352950.624390634 , 1.1316984635242215e-235 , 109996641.09560372 , 16581049.90439628
4787.3099999999995 , 8352950.624390634 , 2.4401310872576105e-236 , 109996641.09560372 , 16581049.90439628
4797.099999999999 , 8352950.624390634 , 5.241760038735382e-237 , 109996641.09560372 , 16581049.90439628
4806.9 , 8352950.624390634 , 1.1218030217319885e-237 , 109996641.09560372 , 16581049.90439628
4816.71 , 8352950.624390634 , 2.3918033409115755e-238 , 109996641.09560372 , 16581049.90439628
4826.53 , 8352950.624390634 , 5.080396150081692e-239 , 109996641.09560372 , 16581049.90439628
4836.36 , 8352950.624390634 , 1.0750452480031558e-239 , 109996641.09560372 , 16581049.90439628
4846.2 , 8352950.624390634 , 2.2662443065141646e-240 , 109996641.09560372 , 16581049.90439628
4856.05 , 8352950.624390634 , 4.759170220049605e-241 , 109996641.09560372 , 16581049.90439628
4865.91 , 8352950.624390634 , 9.956207661165477e-242 , 109996641.09560372 , 16581049.90439628
4875.78 , 8352950.624390634 , 2.0748584153739823e-242 , 109996641.09560372 , 16581049.90439628
4885.66 , 8352950.624390634 , 4.307332190222708e-243 , 109996641.09560372 , 16581049.90439628
4895.55 , 8352950.624390634 , 8.907322248742169e-244 , 109996641.09560372 , 16581049.90439628
4905.45 , 8352950.624390634 , 1.834840540439682e-244 , 109996641.09560372 , 16581049.90439628
4915.36 , 8352950.624390634 , 3.764915829330713e-245 , 109996641.09560372 , 16581049.90439628
4925.28 , 8352950.624390634 , 7.695048502456045e-246 , 109996641.09560372 , 16581049.90439628
4935.21 , 8352950.624390634 , 1.5666064513443926e-246 , 109996641.09560372 , 16581049.90439628
4945.15 , 8352950.624390634 , 3.176831485861841e-247 , 109996641.09560372 , 16581049.90439628
4955.099999999999 , 8352950.624390634 , 6.416635523314423e-248 , 109996641.09560372 , 16581049.90439628
4965.0599999999995 , 8352950.624390634 , 1.2909001212589376e-248 , 109996641.09560372 , 16581049.90439628
4975.03 , 8352950.624390634 , 2.586682274596401e-249 , 109996641.09560372 , 16581049.90439628
4985.009999999999 , 8352950.624390634 , 5.162401163210069e-250 , 109996641.09560372 , 16581049.90439628
4994.999999999999 , 8352950.624390634 , 1.0261518124229919e-250 , 109996641.09560372 , 16581049.90439628
